user_id;action;created_at
1;enter_bot;09.05.2025 9:38
1;enter_webinar_room;09.05.2025 19:06
1;leave_webinar_room;09.05.2025 19:59
2;enter_bot;01.05.2025 14:53
3;enter_bot;04.05.2025 11:24
4;enter_bot;03.05.2025 7:10
5;enter_bot;10.05.2025 18:33
6;enter_bot;03.05.2025 1:52
6;enter_webinar_room;03.05.2025 19:24
6;leave_webinar_room;03.05.2025 19:43
7;enter_bot;30.05.2025 3:11
8;enter_bot;21.05.2025 11:51
8;enter_bot;22.05.2025 17:51
9;enter_bot;10.05.2025 9:48
9;enter_bot;10.05.2025 22:48
10;enter_bot;02.05.2025 20:01
11;enter_bot;01.05.2025 18:52
12;enter_bot;24.05.2025 0:49
13;enter_bot;12.05.2025 19:42
13;enter_webinar_room;12.05.2025 19:57
13;leave_webinar_room;12.05.2025 19:58
14;enter_bot;10.05.2025 13:25
14;enter_webinar_room;10.05.2025 19:01
14;leave_webinar_room;10.05.2025 19:42
15;enter_bot;18.05.2025 22:38
16;enter_bot;10.05.2025 3:30
17;enter_bot;29.05.2025 7:10
18;enter_bot;15.05.2025 14:31
18;enter_webinar_room;15.05.2025 19:45
18;leave_webinar_room;15.05.2025 19:48
19;enter_bot;29.05.2025 0:41
19;enter_webinar_room;29.05.2025 18:55
19;leave_webinar_room;29.05.2025 19:35
19;enter_bot;29.05.2025 22:41
20;enter_bot;21.05.2025 9:28
20;enter_webinar_room;21.05.2025 18:07
20;leave_webinar_room;21.05.2025 18:54
20;enter_webinar_room;21.05.2025 19:42
20;leave_webinar_room;21.05.2025 19:51
20;enter_bot;24.05.2025 7:28
21;enter_bot;19.05.2025 20:23
21;enter_bot;20.05.2025 23:23
22;enter_bot;28.05.2025 14:21
23;enter_bot;04.05.2025 16:41
24;enter_bot;28.05.2025 3:43
25;enter_bot;13.05.2025 10:08
25;enter_webinar_room;13.05.2025 19:58
25;leave_webinar_room;13.05.2025 19:59
26;enter_bot;15.05.2025 17:25
27;enter_bot;06.05.2025 7:45
27;enter_webinar_room;06.05.2025 18:43
27;leave_webinar_room;06.05.2025 19:01
28;enter_bot;23.05.2025 17:43
29;enter_bot;30.05.2025 20:09
30;enter_bot;20.05.2025 11:14
30;enter_webinar_room;20.05.2025 18:33
30;leave_webinar_room;20.05.2025 18:39
30;enter_bot;23.05.2025 1:14
31;enter_bot;06.05.2025 11:51
32;enter_bot;06.05.2025 18:55
32;enter_webinar_room;06.05.2025 19:07
32;leave_webinar_room;06.05.2025 19:54
33;enter_bot;04.05.2025 13:24
34;enter_bot;18.05.2025 7:10
35;enter_bot;17.05.2025 6:18
35;enter_webinar_room;17.05.2025 18:06
35;leave_webinar_room;17.05.2025 18:37
36;enter_bot;14.05.2025 21:47
37;enter_bot;04.05.2025 20:20
38;enter_bot;06.05.2025 4:18
39;enter_bot;05.05.2025 23:26
40;enter_bot;28.05.2025 21:35
41;enter_bot;27.05.2025 12:00
42;enter_bot;08.05.2025 15:32
43;enter_bot;21.05.2025 20:30
44;enter_bot;22.05.2025 12:25
44;enter_webinar_room;22.05.2025 18:33
44;leave_webinar_room;22.05.2025 19:36
44;enter_webinar_room;22.05.2025 19:48
44;leave_webinar_room;22.05.2025 19:54
45;enter_bot;25.05.2025 22:14
46;enter_bot;17.05.2025 10:04
46;enter_webinar_room;17.05.2025 18:37
46;enter_webinar_room;17.05.2025 18:51
46;leave_webinar_room;17.05.2025 19:20
46;leave_webinar_room;17.05.2025 19:43
47;enter_bot;19.05.2025 0:11
47;enter_bot;21.05.2025 3:11
48;enter_bot;03.05.2025 10:40
49;enter_bot;14.05.2025 23:49
50;enter_bot;08.05.2025 17:05
51;enter_bot;24.05.2025 17:12
52;enter_bot;10.05.2025 15:25
52;enter_webinar_room;10.05.2025 19:20
52;leave_webinar_room;10.05.2025 19:47
52;enter_webinar_room;10.05.2025 19:51
52;leave_webinar_room;10.05.2025 19:59
53;enter_bot;27.05.2025 11:26
53;enter_webinar_room;27.05.2025 19:26
53;leave_webinar_room;27.05.2025 19:59
54;enter_bot;15.05.2025 21:31
55;enter_bot;30.05.2025 10:24
55;enter_webinar_room;30.05.2025 19:07
55;leave_webinar_room;30.05.2025 19:24
56;enter_bot;29.05.2025 10:58
57;enter_bot;12.05.2025 12:54
57;enter_webinar_room;12.05.2025 18:21
57;leave_webinar_room;12.05.2025 18:44
58;enter_bot;16.05.2025 2:01
58;enter_webinar_room;16.05.2025 19:13
58;leave_webinar_room;16.05.2025 19:15
59;enter_bot;18.05.2025 18:22
60;enter_bot;22.05.2025 10:11
61;enter_bot;19.05.2025 16:57
61;enter_webinar_room;19.05.2025 19:35
61;leave_webinar_room;19.05.2025 19:49
62;enter_bot;21.05.2025 20:15
63;enter_bot;06.05.2025 5:45
63;enter_webinar_room;06.05.2025 18:42
63;leave_webinar_room;06.05.2025 18:42
63;enter_webinar_room;06.05.2025 19:34
63;leave_webinar_room;06.05.2025 19:40
64;enter_bot;28.05.2025 4:43
65;enter_bot;09.05.2025 12:46
66;enter_bot;23.05.2025 22:43
67;enter_bot;07.05.2025 23:34
68;enter_bot;26.05.2025 5:46
69;enter_bot;23.05.2025 17:17
69;enter_webinar_room;23.05.2025 19:32
69;leave_webinar_room;23.05.2025 19:38
70;enter_bot;04.05.2025 18:27
71;enter_bot;11.05.2025 1:29
72;enter_bot;16.05.2025 0:02
73;enter_bot;30.05.2025 13:03
74;enter_bot;01.05.2025 4:52
75;enter_bot;25.05.2025 14:40
75;enter_webinar_room;25.05.2025 19:46
75;leave_webinar_room;25.05.2025 19:51
76;enter_bot;05.05.2025 3:42
77;enter_bot;02.05.2025 14:49
77;enter_webinar_room;02.05.2025 19:16
77;leave_webinar_room;02.05.2025 19:52
78;enter_bot;14.05.2025 9:23
78;enter_bot;15.05.2025 17:23
78;enter_webinar_room;15.05.2025 19:22
78;leave_webinar_room;15.05.2025 19:48
79;enter_bot;23.05.2025 15:13
80;enter_bot;23.05.2025 2:13
81;enter_bot;26.05.2025 21:54
81;enter_bot;28.05.2025 2:54
81;enter_webinar_room;28.05.2025 19:56
81;leave_webinar_room;28.05.2025 19:56
82;enter_bot;30.05.2025 18:11
82;enter_webinar_room;30.05.2025 18:13
82;leave_webinar_room;30.05.2025 19:40
83;enter_bot;19.05.2025 4:53
84;enter_bot;26.05.2025 11:23
84;enter_bot;27.05.2025 1:23
85;enter_bot;19.05.2025 1:28
85;enter_webinar_room;19.05.2025 18:12
85;enter_webinar_room;19.05.2025 18:15
85;leave_webinar_room;19.05.2025 18:42
85;leave_webinar_room;19.05.2025 19:27
86;enter_bot;24.05.2025 14:18
87;enter_bot;10.05.2025 0:12
88;enter_bot;03.05.2025 8:51
88;enter_bot;06.05.2025 7:51
89;enter_bot;01.05.2025 12:46
90;enter_bot;07.05.2025 3:25
90;enter_webinar_room;07.05.2025 19:42
90;leave_webinar_room;07.05.2025 19:53
91;enter_bot;28.05.2025 3:41
91;enter_webinar_room;28.05.2025 19:48
91;leave_webinar_room;28.05.2025 19:55
92;enter_bot;01.05.2025 17:25
93;enter_bot;28.05.2025 7:16
93;enter_bot;28.05.2025 17:16
93;enter_webinar_room;28.05.2025 19:07
93;leave_webinar_room;28.05.2025 19:15
94;enter_bot;02.05.2025 21:28
94;enter_bot;05.05.2025 19:28
95;enter_bot;29.05.2025 12:55
96;enter_bot;08.05.2025 2:57
96;enter_webinar_room;08.05.2025 19:04
96;leave_webinar_room;08.05.2025 19:23
97;enter_bot;10.05.2025 0:16
97;enter_bot;12.05.2025 9:16
98;enter_bot;10.05.2025 22:57
99;enter_bot;01.05.2025 10:11
100;enter_bot;19.05.2025 2:53
100;enter_bot;20.05.2025 5:53
101;enter_bot;06.05.2025 19:11
101;enter_webinar_room;06.05.2025 19:13
101;leave_webinar_room;06.05.2025 19:51
102;enter_bot;19.05.2025 18:18
102;enter_webinar_room;19.05.2025 19:07
102;leave_webinar_room;19.05.2025 19:11
102;enter_webinar_room;19.05.2025 19:48
102;leave_webinar_room;19.05.2025 19:51
103;enter_bot;21.05.2025 17:43
103;enter_webinar_room;21.05.2025 18:29
103;leave_webinar_room;21.05.2025 19:53
104;enter_bot;26.05.2025 1:08
104;enter_webinar_room;26.05.2025 18:58
104;leave_webinar_room;26.05.2025 19:15
104;enter_bot;27.05.2025 23:08
105;enter_bot;14.05.2025 0:33
106;enter_bot;14.05.2025 3:18
106;enter_webinar_room;14.05.2025 18:05
106;leave_webinar_room;14.05.2025 19:41
107;enter_bot;25.05.2025 10:38
108;enter_bot;17.05.2025 0:34
108;enter_bot;18.05.2025 14:34
109;enter_bot;19.05.2025 15:53
109;enter_webinar_room;19.05.2025 18:30
109;leave_webinar_room;19.05.2025 19:48
110;enter_bot;15.05.2025 8:25
110;enter_webinar_room;15.05.2025 18:15
110;leave_webinar_room;15.05.2025 18:47
110;enter_webinar_room;15.05.2025 18:48
110;leave_webinar_room;15.05.2025 19:41
110;enter_bot;17.05.2025 22:25
111;enter_bot;27.05.2025 9:24
112;enter_bot;22.05.2025 2:24
112;enter_webinar_room;22.05.2025 19:25
112;leave_webinar_room;22.05.2025 19:40
112;make_order;22.05.2025 19:41
113;enter_bot;12.05.2025 9:43
113;enter_webinar_room;12.05.2025 18:59
113;leave_webinar_room;12.05.2025 19:36
114;enter_bot;29.05.2025 10:33
115;enter_bot;17.05.2025 20:27
115;enter_bot;20.05.2025 11:27
115;enter_webinar_room;20.05.2025 19:12
115;leave_webinar_room;20.05.2025 19:24
116;enter_bot;11.05.2025 13:48
116;enter_webinar_room;11.05.2025 19:10
116;leave_webinar_room;11.05.2025 19:11
117;enter_bot;17.05.2025 9:36
117;enter_bot;18.05.2025 17:36
118;enter_bot;27.05.2025 5:23
119;enter_bot;16.05.2025 16:35
120;enter_bot;12.05.2025 23:02
121;enter_bot;19.05.2025 1:13
122;enter_bot;13.05.2025 0:41
123;enter_bot;06.05.2025 10:01
123;enter_webinar_room;06.05.2025 18:35
123;leave_webinar_room;06.05.2025 19:55
124;enter_bot;06.05.2025 19:11
125;enter_bot;09.05.2025 8:23
125;enter_webinar_room;09.05.2025 18:32
125;leave_webinar_room;09.05.2025 18:38
126;enter_bot;21.05.2025 17:38
126;enter_webinar_room;21.05.2025 18:38
126;leave_webinar_room;21.05.2025 19:32
127;enter_bot;05.05.2025 8:03
127;enter_webinar_room;05.05.2025 19:41
127;leave_webinar_room;05.05.2025 19:53
128;enter_bot;28.05.2025 8:10
129;enter_bot;21.05.2025 21:28
130;enter_bot;22.05.2025 18:33
130;enter_bot;23.05.2025 3:33
131;enter_bot;11.05.2025 10:35
131;enter_webinar_room;11.05.2025 18:14
131;leave_webinar_room;11.05.2025 19:29
132;enter_bot;26.05.2025 8:22
133;enter_bot;03.05.2025 5:08
133;enter_webinar_room;03.05.2025 19:13
133;leave_webinar_room;03.05.2025 19:29
134;enter_bot;23.05.2025 13:29
135;enter_bot;21.05.2025 3:16
136;enter_bot;13.05.2025 17:22
136;enter_webinar_room;13.05.2025 19:50
136;leave_webinar_room;13.05.2025 19:58
137;enter_bot;25.05.2025 11:42
137;enter_webinar_room;25.05.2025 19:58
137;leave_webinar_room;25.05.2025 19:59
138;enter_bot;06.05.2025 19:10
138;enter_webinar_room;06.05.2025 19:32
138;leave_webinar_room;06.05.2025 19:52
139;enter_bot;23.05.2025 15:34
139;enter_bot;24.05.2025 3:34
140;enter_bot;06.05.2025 22:46
141;enter_bot;26.05.2025 18:46
141;enter_webinar_room;26.05.2025 19:19
141;leave_webinar_room;26.05.2025 19:35
142;enter_bot;26.05.2025 22:13
143;enter_bot;09.05.2025 21:51
144;enter_bot;15.05.2025 2:21
145;enter_bot;14.05.2025 13:34
146;enter_bot;28.05.2025 1:42
146;enter_bot;28.05.2025 11:42
147;enter_bot;22.05.2025 15:17
148;enter_bot;29.05.2025 14:42
148;enter_bot;31.05.2025 1:42
149;enter_bot;20.05.2025 8:56
149;enter_bot;20.05.2025 15:56
150;enter_bot;17.05.2025 10:26
151;enter_bot;29.05.2025 2:02
152;enter_bot;24.05.2025 21:02
153;enter_bot;02.05.2025 11:54
154;enter_bot;02.05.2025 21:06
155;enter_bot;05.05.2025 22:41
156;enter_bot;30.05.2025 7:20
156;enter_webinar_room;30.05.2025 19:02
156;leave_webinar_room;30.05.2025 19:15
156;make_order;30.05.2025 19:58
157;enter_bot;17.05.2025 9:12
157;enter_bot;19.05.2025 14:12
157;enter_webinar_room;19.05.2025 19:27
157;leave_webinar_room;19.05.2025 19:30
158;enter_bot;25.05.2025 5:15
158;enter_webinar_room;25.05.2025 18:41
158;leave_webinar_room;25.05.2025 19:42
159;enter_bot;29.05.2025 9:48
159;enter_webinar_room;29.05.2025 18:57
159;leave_webinar_room;29.05.2025 19:30
160;enter_bot;09.05.2025 11:46
160;enter_webinar_room;09.05.2025 19:09
160;leave_webinar_room;09.05.2025 19:27
161;enter_bot;08.05.2025 11:17
162;enter_bot;10.05.2025 0:28
162;enter_webinar_room;10.05.2025 18:56
162;leave_webinar_room;10.05.2025 19:08
163;enter_bot;15.05.2025 22:23
164;enter_bot;25.05.2025 16:34
165;enter_bot;12.05.2025 17:57
165;enter_bot;14.05.2025 20:57
166;enter_bot;18.05.2025 2:16
166;enter_webinar_room;18.05.2025 18:16
166;leave_webinar_room;18.05.2025 19:17
167;enter_bot;25.05.2025 14:34
168;enter_bot;30.05.2025 2:28
169;enter_bot;05.05.2025 0:23
170;enter_bot;18.05.2025 4:27
171;enter_bot;16.05.2025 14:24
171;enter_bot;18.05.2025 0:24
172;enter_bot;29.05.2025 23:10
173;enter_bot;17.05.2025 1:59
174;enter_bot;10.05.2025 16:14
175;enter_bot;18.05.2025 2:14
176;enter_bot;16.05.2025 9:12
177;enter_bot;30.05.2025 22:21
178;enter_bot;18.05.2025 5:21
178;enter_bot;18.05.2025 10:21
179;enter_bot;25.05.2025 19:44
180;enter_bot;05.05.2025 11:46
181;enter_bot;23.05.2025 0:01
182;enter_bot;17.05.2025 22:52
183;enter_bot;26.05.2025 10:36
183;enter_webinar_room;26.05.2025 18:04
183;leave_webinar_room;26.05.2025 19:50
184;enter_bot;26.05.2025 20:04
185;enter_bot;12.05.2025 22:06
186;enter_bot;22.05.2025 5:42
186;enter_webinar_room;22.05.2025 19:21
186;leave_webinar_room;22.05.2025 19:23
187;enter_bot;13.05.2025 8:09
187;enter_bot;15.05.2025 15:09
188;enter_bot;11.05.2025 18:26
189;enter_bot;17.05.2025 1:11
189;enter_bot;17.05.2025 13:11
190;enter_bot;04.05.2025 2:29
191;enter_bot;25.05.2025 4:56
192;enter_bot;03.05.2025 16:13
193;enter_bot;13.05.2025 12:38
194;enter_bot;07.05.2025 10:12
194;enter_webinar_room;07.05.2025 19:53
194;leave_webinar_room;07.05.2025 19:58
194;enter_bot;07.05.2025 23:12
195;enter_bot;29.05.2025 12:14
196;enter_bot;26.05.2025 12:05
196;enter_webinar_room;26.05.2025 19:28
196;leave_webinar_room;26.05.2025 19:53
197;enter_bot;25.05.2025 18:47
198;enter_bot;22.05.2025 16:58
199;enter_bot;25.05.2025 4:54
200;enter_bot;09.05.2025 17:26
201;enter_bot;03.05.2025 16:09
202;enter_bot;18.05.2025 7:44
202;enter_webinar_room;18.05.2025 19:53
202;leave_webinar_room;18.05.2025 19:56
203;enter_bot;04.05.2025 22:06
204;enter_bot;25.05.2025 6:17
205;enter_bot;10.05.2025 23:28
206;enter_bot;04.05.2025 5:04
206;enter_webinar_room;04.05.2025 19:03
206;leave_webinar_room;04.05.2025 19:35
206;enter_webinar_room;04.05.2025 19:55
206;leave_webinar_room;04.05.2025 19:57
207;enter_bot;08.05.2025 11:56
207;enter_webinar_room;08.05.2025 19:39
207;enter_webinar_room;08.05.2025 19:39
207;leave_webinar_room;08.05.2025 19:40
207;leave_webinar_room;08.05.2025 19:40
208;enter_bot;18.05.2025 8:37
208;enter_webinar_room;18.05.2025 19:54
208;leave_webinar_room;18.05.2025 19:56
209;enter_bot;19.05.2025 16:24
210;enter_bot;16.05.2025 15:34
210;enter_webinar_room;16.05.2025 18:15
210;enter_webinar_room;16.05.2025 18:29
210;leave_webinar_room;16.05.2025 18:49
210;leave_webinar_room;16.05.2025 18:59
210;make_order;16.05.2025 19:17
211;enter_bot;11.05.2025 7:13
212;enter_bot;18.05.2025 5:56
212;enter_webinar_room;18.05.2025 18:33
212;leave_webinar_room;18.05.2025 18:44
213;enter_bot;07.05.2025 11:05
213;enter_bot;09.05.2025 22:05
214;enter_bot;16.05.2025 0:45
214;enter_webinar_room;16.05.2025 19:35
214;leave_webinar_room;16.05.2025 19:40
215;enter_bot;10.05.2025 8:15
215;enter_bot;13.05.2025 1:15
215;enter_webinar_room;13.05.2025 19:16
215;leave_webinar_room;13.05.2025 19:17
216;enter_bot;01.05.2025 10:47
217;enter_bot;23.05.2025 11:15
217;enter_bot;24.05.2025 21:15
218;enter_bot;22.05.2025 6:11
218;enter_webinar_room;22.05.2025 18:26
218;leave_webinar_room;22.05.2025 19:23
219;enter_bot;01.05.2025 15:16
219;enter_webinar_room;01.05.2025 18:09
219;leave_webinar_room;01.05.2025 18:18
220;enter_bot;07.05.2025 21:34
221;enter_bot;20.05.2025 0:55
221;enter_bot;22.05.2025 21:55
222;enter_bot;09.05.2025 2:46
222;enter_bot;10.05.2025 21:46
223;enter_bot;09.05.2025 14:36
223;enter_webinar_room;09.05.2025 19:42
223;leave_webinar_room;09.05.2025 19:55
224;enter_bot;20.05.2025 19:06
224;enter_webinar_room;20.05.2025 19:51
224;leave_webinar_room;20.05.2025 19:56
225;enter_bot;09.05.2025 8:31
225;enter_webinar_room;09.05.2025 18:53
225;enter_webinar_room;09.05.2025 19:09
225;leave_webinar_room;09.05.2025 19:14
225;leave_webinar_room;09.05.2025 19:23
226;enter_bot;20.05.2025 17:02
227;enter_bot;23.05.2025 19:09
227;enter_webinar_room;23.05.2025 19:53
227;leave_webinar_room;23.05.2025 19:55
228;enter_bot;26.05.2025 3:16
229;enter_bot;16.05.2025 3:01
229;enter_webinar_room;16.05.2025 18:26
229;leave_webinar_room;16.05.2025 19:35
229;enter_webinar_room;16.05.2025 19:45
229;leave_webinar_room;16.05.2025 19:56
230;enter_bot;15.05.2025 20:20
231;enter_bot;12.05.2025 3:36
232;enter_bot;03.05.2025 0:56
232;enter_webinar_room;03.05.2025 18:29
232;enter_webinar_room;03.05.2025 18:48
232;leave_webinar_room;03.05.2025 19:24
232;leave_webinar_room;03.05.2025 19:28
233;enter_bot;19.05.2025 22:25
234;enter_bot;23.05.2025 16:45
235;enter_bot;11.05.2025 11:43
235;enter_webinar_room;11.05.2025 18:29
235;leave_webinar_room;11.05.2025 18:46
236;enter_bot;08.05.2025 16:37
237;enter_bot;16.05.2025 14:27
238;enter_bot;08.05.2025 15:01
238;enter_webinar_room;08.05.2025 19:13
238;leave_webinar_room;08.05.2025 19:19
239;enter_bot;29.05.2025 8:15
240;enter_bot;04.05.2025 12:15
240;enter_webinar_room;04.05.2025 18:49
240;leave_webinar_room;04.05.2025 19:30
241;enter_bot;14.05.2025 15:32
242;enter_bot;22.05.2025 19:07
242;enter_webinar_room;22.05.2025 19:25
242;leave_webinar_room;22.05.2025 19:37
243;enter_bot;25.05.2025 17:42
243;enter_bot;26.05.2025 3:42
244;enter_bot;11.05.2025 0:48
245;enter_bot;14.05.2025 0:53
245;enter_webinar_room;14.05.2025 18:35
245;leave_webinar_room;14.05.2025 18:56
246;enter_bot;06.05.2025 4:10
247;enter_bot;14.05.2025 14:11
247;enter_bot;16.05.2025 2:11
247;enter_webinar_room;16.05.2025 18:43
247;leave_webinar_room;16.05.2025 19:22
248;enter_bot;05.05.2025 10:54
248;enter_webinar_room;05.05.2025 19:00
248;leave_webinar_room;05.05.2025 19:17
248;enter_bot;06.05.2025 0:54
249;enter_bot;04.05.2025 7:36
250;enter_bot;10.05.2025 23:43
251;enter_bot;02.05.2025 11:43
252;enter_bot;13.05.2025 15:18
252;enter_webinar_room;13.05.2025 18:47
252;leave_webinar_room;13.05.2025 19:23
253;enter_bot;03.05.2025 1:19
254;enter_bot;25.05.2025 1:22
254;enter_webinar_room;25.05.2025 18:30
254;leave_webinar_room;25.05.2025 18:38
255;enter_bot;04.05.2025 16:28
256;enter_bot;11.05.2025 23:47
257;enter_bot;08.05.2025 20:27
258;enter_bot;06.05.2025 15:38
258;enter_webinar_room;06.05.2025 19:17
258;leave_webinar_room;06.05.2025 19:25
259;enter_bot;14.05.2025 23:48
260;enter_bot;29.05.2025 9:42
260;enter_webinar_room;29.05.2025 19:16
260;leave_webinar_room;29.05.2025 19:49
260;enter_bot;30.05.2025 15:42
261;enter_bot;18.05.2025 9:17
261;enter_webinar_room;18.05.2025 18:55
261;leave_webinar_room;18.05.2025 19:18
262;enter_bot;25.05.2025 2:51
262;enter_webinar_room;25.05.2025 19:34
262;leave_webinar_room;25.05.2025 19:38
263;enter_bot;25.05.2025 16:12
263;enter_webinar_room;25.05.2025 18:07
263;leave_webinar_room;25.05.2025 19:30
264;enter_bot;07.05.2025 6:36
265;enter_bot;11.05.2025 3:45
265;enter_webinar_room;11.05.2025 18:24
265;leave_webinar_room;11.05.2025 18:48
266;enter_bot;18.05.2025 0:13
266;enter_bot;18.05.2025 23:13
267;enter_bot;15.05.2025 20:35
268;enter_bot;07.05.2025 19:34
269;enter_bot;26.05.2025 12:21
269;enter_webinar_room;26.05.2025 18:27
269;leave_webinar_room;26.05.2025 19:56
270;enter_bot;16.05.2025 4:13
271;enter_bot;25.05.2025 16:55
272;enter_bot;27.05.2025 23:16
273;enter_bot;03.05.2025 0:24
274;enter_bot;30.05.2025 20:02
275;enter_bot;11.05.2025 2:04
275;enter_webinar_room;11.05.2025 19:29
275;leave_webinar_room;11.05.2025 19:34
275;enter_bot;13.05.2025 7:04
276;enter_bot;11.05.2025 21:42
277;enter_bot;11.05.2025 16:50
278;enter_bot;29.05.2025 1:31
278;enter_webinar_room;29.05.2025 18:51
278;leave_webinar_room;29.05.2025 18:53
279;enter_bot;09.05.2025 17:42
280;enter_bot;04.05.2025 2:36
280;enter_webinar_room;04.05.2025 18:54
280;enter_webinar_room;04.05.2025 19:30
280;leave_webinar_room;04.05.2025 19:47
280;leave_webinar_room;04.05.2025 19:54
281;enter_bot;17.05.2025 8:50
281;enter_webinar_room;17.05.2025 19:31
281;leave_webinar_room;17.05.2025 19:36
282;enter_bot;04.05.2025 17:45
283;enter_bot;03.05.2025 11:50
283;enter_webinar_room;03.05.2025 18:01
283;leave_webinar_room;03.05.2025 19:01
283;enter_webinar_room;03.05.2025 19:25
283;leave_webinar_room;03.05.2025 19:49
284;enter_bot;04.05.2025 4:14
284;enter_bot;04.05.2025 15:14
285;enter_bot;14.05.2025 3:52
285;enter_bot;14.05.2025 6:52
285;enter_webinar_room;14.05.2025 19:51
285;leave_webinar_room;14.05.2025 19:58
286;enter_bot;09.05.2025 17:19
286;enter_webinar_room;09.05.2025 18:54
286;leave_webinar_room;09.05.2025 19:02
286;enter_bot;10.05.2025 22:19
287;enter_bot;30.05.2025 13:50
287;enter_webinar_room;30.05.2025 18:38
287;leave_webinar_room;30.05.2025 19:29
288;enter_bot;23.05.2025 14:19
289;enter_bot;30.05.2025 10:08
290;enter_bot;07.05.2025 17:12
290;enter_webinar_room;07.05.2025 19:20
290;leave_webinar_room;07.05.2025 19:54
291;enter_bot;24.05.2025 5:30
291;enter_bot;26.05.2025 6:30
291;enter_webinar_room;26.05.2025 18:16
291;leave_webinar_room;26.05.2025 18:56
292;enter_bot;16.05.2025 18:09
292;enter_webinar_room;16.05.2025 18:36
292;leave_webinar_room;16.05.2025 18:48
293;enter_bot;29.05.2025 19:26
293;enter_webinar_room;29.05.2025 19:31
293;leave_webinar_room;29.05.2025 19:37
294;enter_bot;07.05.2025 23:21
295;enter_bot;09.05.2025 10:45
296;enter_bot;20.05.2025 19:32
296;enter_bot;23.05.2025 7:32
297;enter_bot;12.05.2025 4:44
298;enter_bot;15.05.2025 11:12
299;enter_bot;05.05.2025 14:48
299;enter_bot;06.05.2025 4:48
300;enter_bot;10.05.2025 21:42
301;enter_bot;23.05.2025 6:05
302;enter_bot;30.05.2025 5:55
302;enter_webinar_room;30.05.2025 18:20
302;leave_webinar_room;30.05.2025 18:48
303;enter_bot;22.05.2025 21:17
303;enter_bot;25.05.2025 21:17
304;enter_bot;01.05.2025 6:53
304;enter_bot;02.05.2025 0:53
305;enter_bot;28.05.2025 0:18
306;enter_bot;11.05.2025 9:42
307;enter_bot;03.05.2025 9:13
307;enter_webinar_room;03.05.2025 18:45
307;leave_webinar_room;03.05.2025 19:15
308;enter_bot;25.05.2025 20:51
309;enter_bot;24.05.2025 4:51
309;enter_webinar_room;24.05.2025 18:12
309;leave_webinar_room;24.05.2025 18:55
310;enter_bot;19.05.2025 6:33
311;enter_bot;09.05.2025 3:32
311;enter_webinar_room;09.05.2025 18:46
311;leave_webinar_room;09.05.2025 19:18
312;enter_bot;09.05.2025 20:17
312;enter_bot;11.05.2025 6:17
313;enter_bot;30.05.2025 0:02
313;enter_webinar_room;30.05.2025 19:26
313;leave_webinar_room;30.05.2025 19:28
313;enter_webinar_room;30.05.2025 19:32
313;leave_webinar_room;30.05.2025 19:55
314;enter_bot;17.05.2025 15:48
314;enter_webinar_room;17.05.2025 19:39
314;leave_webinar_room;17.05.2025 19:56
315;enter_bot;17.05.2025 21:06
315;enter_bot;19.05.2025 7:06
316;enter_bot;07.05.2025 16:49
317;enter_bot;16.05.2025 23:25
317;enter_bot;19.05.2025 9:25
318;enter_bot;10.05.2025 20:16
319;enter_bot;29.05.2025 2:28
319;enter_webinar_room;29.05.2025 19:27
319;leave_webinar_room;29.05.2025 19:33
319;enter_webinar_room;29.05.2025 19:54
319;leave_webinar_room;29.05.2025 19:56
320;enter_bot;03.05.2025 5:06
320;enter_webinar_room;03.05.2025 18:28
320;leave_webinar_room;03.05.2025 18:57
321;enter_bot;15.05.2025 17:41
321;enter_bot;16.05.2025 10:41
322;enter_bot;12.05.2025 10:39
323;enter_bot;23.05.2025 22:58
324;enter_bot;04.05.2025 13:40
324;enter_webinar_room;04.05.2025 18:09
324;enter_webinar_room;04.05.2025 19:00
324;leave_webinar_room;04.05.2025 19:14
324;leave_webinar_room;04.05.2025 19:19
325;enter_bot;23.05.2025 11:10
325;enter_webinar_room;23.05.2025 19:20
325;leave_webinar_room;23.05.2025 19:45
326;enter_bot;15.05.2025 4:43
327;enter_bot;21.05.2025 22:55
328;enter_bot;14.05.2025 13:48
328;enter_webinar_room;14.05.2025 19:07
328;leave_webinar_room;14.05.2025 19:43
329;enter_bot;15.05.2025 18:52
329;enter_bot;15.05.2025 20:52
330;enter_bot;29.05.2025 19:05
330;enter_webinar_room;29.05.2025 19:53
330;leave_webinar_room;29.05.2025 19:54
331;enter_bot;10.05.2025 17:21
331;enter_webinar_room;10.05.2025 19:24
331;leave_webinar_room;10.05.2025 19:42
332;enter_bot;16.05.2025 22:28
333;enter_bot;11.05.2025 14:36
334;enter_bot;18.05.2025 7:58
335;enter_bot;07.05.2025 12:39
335;enter_webinar_room;07.05.2025 19:34
335;enter_webinar_room;07.05.2025 19:40
335;leave_webinar_room;07.05.2025 19:45
335;leave_webinar_room;07.05.2025 19:46
336;enter_bot;21.05.2025 12:24
336;enter_webinar_room;21.05.2025 19:02
336;enter_webinar_room;21.05.2025 19:11
336;leave_webinar_room;21.05.2025 19:16
336;leave_webinar_room;21.05.2025 19:57
337;enter_bot;03.05.2025 15:14
338;enter_bot;10.05.2025 15:44
338;enter_webinar_room;10.05.2025 19:58
338;leave_webinar_room;10.05.2025 19:59
339;enter_bot;20.05.2025 17:38
340;enter_bot;07.05.2025 7:14
340;enter_webinar_room;07.05.2025 18:36
340;leave_webinar_room;07.05.2025 19:19
341;enter_bot;30.05.2025 20:01
342;enter_bot;17.05.2025 3:01
343;enter_bot;14.05.2025 6:17
344;enter_bot;03.05.2025 3:24
345;enter_bot;13.05.2025 7:13
345;enter_bot;15.05.2025 10:13
346;enter_bot;08.05.2025 18:13
347;enter_bot;13.05.2025 16:56
348;enter_bot;02.05.2025 7:15
349;enter_bot;29.05.2025 7:00
349;enter_bot;31.05.2025 17:00
350;enter_bot;17.05.2025 13:56
351;enter_bot;16.05.2025 3:57
352;enter_bot;27.05.2025 9:00
353;enter_bot;12.05.2025 2:53
354;enter_bot;06.05.2025 11:12
355;enter_bot;03.05.2025 4:27
356;enter_bot;25.05.2025 20:31
356;enter_bot;26.05.2025 22:31
357;enter_bot;04.05.2025 9:49
358;enter_bot;10.05.2025 16:57
358;enter_webinar_room;10.05.2025 19:21
358;leave_webinar_room;10.05.2025 19:41
359;enter_bot;10.05.2025 17:14
360;enter_bot;03.05.2025 21:02
361;enter_bot;15.05.2025 0:53
361;enter_webinar_room;15.05.2025 18:14
361;leave_webinar_room;15.05.2025 18:31
362;enter_bot;03.05.2025 22:22
363;enter_bot;28.05.2025 15:17
364;enter_bot;19.05.2025 20:45
365;enter_bot;27.05.2025 6:30
365;enter_webinar_room;27.05.2025 18:36
365;leave_webinar_room;27.05.2025 19:25
366;enter_bot;25.05.2025 9:32
366;enter_bot;26.05.2025 14:32
367;enter_bot;29.05.2025 13:52
367;enter_bot;30.05.2025 8:52
368;enter_bot;26.05.2025 7:28
368;enter_bot;28.05.2025 10:28
369;enter_bot;06.05.2025 0:19
369;enter_bot;06.05.2025 15:19
369;enter_webinar_room;06.05.2025 19:00
369;leave_webinar_room;06.05.2025 19:17
370;enter_bot;30.05.2025 1:12
370;enter_webinar_room;30.05.2025 19:49
370;leave_webinar_room;30.05.2025 19:57
371;enter_bot;28.05.2025 15:39
371;enter_webinar_room;28.05.2025 18:29
371;leave_webinar_room;28.05.2025 19:50
371;make_order;28.05.2025 20:00
372;enter_bot;23.05.2025 16:20
373;enter_bot;17.05.2025 16:06
373;enter_webinar_room;17.05.2025 18:43
373;leave_webinar_room;17.05.2025 19:01
374;enter_bot;02.05.2025 11:12
374;enter_webinar_room;02.05.2025 18:03
374;leave_webinar_room;02.05.2025 19:47
374;enter_bot;03.05.2025 22:12
375;enter_bot;18.05.2025 13:57
376;enter_bot;10.05.2025 22:06
377;enter_bot;06.05.2025 19:56
377;enter_webinar_room;06.05.2025 19:58
377;leave_webinar_room;06.05.2025 19:59
377;enter_bot;07.05.2025 9:56
378;enter_bot;08.05.2025 21:28
379;enter_bot;21.05.2025 9:21
379;enter_webinar_room;21.05.2025 18:36
379;enter_webinar_room;21.05.2025 19:46
379;leave_webinar_room;21.05.2025 19:56
379;leave_webinar_room;21.05.2025 19:57
380;enter_bot;01.05.2025 6:13
380;enter_webinar_room;01.05.2025 19:04
380;enter_webinar_room;01.05.2025 19:27
380;leave_webinar_room;01.05.2025 19:43
380;leave_webinar_room;01.05.2025 19:56
381;enter_bot;19.05.2025 5:05
382;enter_bot;12.05.2025 14:14
382;enter_webinar_room;12.05.2025 18:13
382;leave_webinar_room;12.05.2025 18:44
383;enter_bot;03.05.2025 13:00
384;enter_bot;06.05.2025 5:17
384;enter_webinar_room;06.05.2025 18:39
384;leave_webinar_room;06.05.2025 19:06
385;enter_bot;03.05.2025 10:45
385;enter_webinar_room;03.05.2025 19:17
385;leave_webinar_room;03.05.2025 19:17
386;enter_bot;02.05.2025 7:42
386;enter_webinar_room;02.05.2025 18:44
386;leave_webinar_room;02.05.2025 18:52
387;enter_bot;01.05.2025 20:03
388;enter_bot;13.05.2025 19:06
389;enter_bot;02.05.2025 21:23
390;enter_bot;07.05.2025 3:10
390;enter_bot;10.05.2025 2:10
391;enter_bot;21.05.2025 4:15
392;enter_bot;12.05.2025 18:26
392;enter_webinar_room;12.05.2025 19:24
392;leave_webinar_room;12.05.2025 19:26
392;make_order;12.05.2025 19:34
392;enter_webinar_room;12.05.2025 19:42
392;leave_webinar_room;12.05.2025 19:50
393;enter_bot;26.05.2025 1:17
394;enter_bot;25.05.2025 0:34
394;enter_webinar_room;25.05.2025 19:22
394;leave_webinar_room;25.05.2025 19:24
395;enter_bot;21.05.2025 14:41
395;enter_bot;24.05.2025 11:41
396;enter_bot;24.05.2025 15:23
396;enter_webinar_room;24.05.2025 19:46
396;leave_webinar_room;24.05.2025 19:50
397;enter_bot;24.05.2025 20:48
397;enter_bot;25.05.2025 17:48
398;enter_bot;05.05.2025 2:21
398;enter_webinar_room;05.05.2025 18:45
398;leave_webinar_room;05.05.2025 18:56
399;enter_bot;08.05.2025 3:28
399;enter_webinar_room;08.05.2025 18:16
399;leave_webinar_room;08.05.2025 19:03
400;enter_bot;23.05.2025 12:30
401;enter_bot;13.05.2025 21:29
402;enter_bot;28.05.2025 20:18
403;enter_bot;12.05.2025 8:02
404;enter_bot;12.05.2025 1:30
404;enter_bot;14.05.2025 15:30
405;enter_bot;21.05.2025 17:08
405;enter_webinar_room;21.05.2025 19:09
405;enter_webinar_room;21.05.2025 19:30
405;leave_webinar_room;21.05.2025 19:48
405;leave_webinar_room;21.05.2025 19:49
405;enter_bot;23.05.2025 1:08
406;enter_bot;27.05.2025 9:20
407;enter_bot;21.05.2025 8:58
407;enter_webinar_room;21.05.2025 19:46
407;leave_webinar_room;21.05.2025 19:58
408;enter_bot;09.05.2025 16:50
408;enter_webinar_room;09.05.2025 18:32
408;leave_webinar_room;09.05.2025 19:48
409;enter_bot;29.05.2025 3:05
410;enter_bot;17.05.2025 10:32
410;enter_webinar_room;17.05.2025 18:08
410;leave_webinar_room;17.05.2025 19:05
411;enter_bot;27.05.2025 8:00
411;enter_webinar_room;27.05.2025 18:56
411;leave_webinar_room;27.05.2025 19:13
412;enter_bot;20.05.2025 11:36
413;enter_bot;15.05.2025 18:46
413;enter_webinar_room;15.05.2025 19:08
413;leave_webinar_room;15.05.2025 19:45
413;enter_bot;18.05.2025 16:46
414;enter_bot;09.05.2025 12:22
414;enter_webinar_room;09.05.2025 18:00
414;leave_webinar_room;09.05.2025 18:49
414;make_order;09.05.2025 19:59
415;enter_bot;26.05.2025 18:58
415;enter_webinar_room;26.05.2025 19:10
415;enter_webinar_room;26.05.2025 19:14
415;leave_webinar_room;26.05.2025 19:31
415;leave_webinar_room;26.05.2025 19:42
415;make_order;26.05.2025 19:52
416;enter_bot;06.05.2025 10:13
416;enter_webinar_room;06.05.2025 19:04
416;leave_webinar_room;06.05.2025 19:49
417;enter_bot;05.05.2025 17:11
417;enter_webinar_room;05.05.2025 19:51
417;leave_webinar_room;05.05.2025 19:52
418;enter_bot;25.05.2025 8:14
419;enter_bot;11.05.2025 21:34
420;enter_bot;30.05.2025 3:55
420;enter_webinar_room;30.05.2025 18:50
420;leave_webinar_room;30.05.2025 18:51
421;enter_bot;17.05.2025 6:01
421;enter_webinar_room;17.05.2025 19:50
421;leave_webinar_room;17.05.2025 19:52
422;enter_bot;16.05.2025 22:38
423;enter_bot;22.05.2025 7:25
423;enter_webinar_room;22.05.2025 18:22
423;leave_webinar_room;22.05.2025 19:50
424;enter_bot;17.05.2025 5:02
425;enter_bot;23.05.2025 8:54
426;enter_bot;19.05.2025 9:06
427;enter_bot;21.05.2025 19:21
428;enter_bot;23.05.2025 17:51
429;enter_bot;20.05.2025 10:35
429;enter_webinar_room;20.05.2025 18:13
429;leave_webinar_room;20.05.2025 18:51
430;enter_bot;22.05.2025 17:25
430;enter_webinar_room;22.05.2025 18:07
430;leave_webinar_room;22.05.2025 18:22
430;make_order;22.05.2025 19:20
430;enter_bot;24.05.2025 17:25
430;enter_webinar_room;24.05.2025 18:49
430;leave_webinar_room;24.05.2025 19:17
431;enter_bot;01.05.2025 9:11
432;enter_bot;27.05.2025 14:41
433;enter_bot;03.05.2025 18:12
434;enter_bot;06.05.2025 9:47
434;enter_webinar_room;06.05.2025 18:15
434;leave_webinar_room;06.05.2025 18:20
435;enter_bot;02.05.2025 10:54
435;enter_webinar_room;02.05.2025 18:41
435;leave_webinar_room;02.05.2025 19:57
436;enter_bot;25.05.2025 4:26
436;enter_webinar_room;25.05.2025 19:00
436;enter_webinar_room;25.05.2025 19:01
436;leave_webinar_room;25.05.2025 19:32
436;leave_webinar_room;25.05.2025 19:47
437;enter_bot;16.05.2025 15:16
437;enter_bot;17.05.2025 22:16
438;enter_bot;19.05.2025 21:14
439;enter_bot;07.05.2025 14:08
439;enter_webinar_room;07.05.2025 18:21
439;leave_webinar_room;07.05.2025 19:18
440;enter_bot;08.05.2025 1:28
440;enter_webinar_room;08.05.2025 18:31
440;enter_webinar_room;08.05.2025 19:24
440;leave_webinar_room;08.05.2025 19:50
440;leave_webinar_room;08.05.2025 19:54
441;enter_bot;05.05.2025 22:42
442;enter_bot;21.05.2025 7:57
443;enter_bot;06.05.2025 0:29
443;enter_bot;07.05.2025 8:29
444;enter_bot;20.05.2025 21:18
444;enter_bot;23.05.2025 17:18
444;enter_webinar_room;23.05.2025 19:24
444;leave_webinar_room;23.05.2025 19:40
445;enter_bot;24.05.2025 23:59
446;enter_bot;29.05.2025 10:38
447;enter_bot;25.05.2025 9:00
448;enter_bot;03.05.2025 18:11
448;enter_webinar_room;03.05.2025 19:55
448;leave_webinar_room;03.05.2025 19:58
449;enter_bot;29.05.2025 13:29
450;enter_bot;16.05.2025 6:02
450;enter_webinar_room;16.05.2025 19:52
450;leave_webinar_room;16.05.2025 19:56
451;enter_bot;01.05.2025 12:56
452;enter_bot;21.05.2025 8:14
453;enter_bot;06.05.2025 4:55
453;enter_webinar_room;06.05.2025 19:15
453;leave_webinar_room;06.05.2025 19:42
454;enter_bot;17.05.2025 18:47
455;enter_bot;17.05.2025 5:42
455;enter_webinar_room;17.05.2025 19:51
455;leave_webinar_room;17.05.2025 19:55
455;make_order;17.05.2025 19:56
456;enter_bot;05.05.2025 5:23
456;enter_webinar_room;05.05.2025 18:43
456;leave_webinar_room;05.05.2025 19:06
457;enter_bot;18.05.2025 17:09
458;enter_bot;27.05.2025 7:17
458;enter_bot;28.05.2025 7:17
458;enter_webinar_room;28.05.2025 19:08
458;leave_webinar_room;28.05.2025 19:14
459;enter_bot;20.05.2025 0:09
460;enter_bot;25.05.2025 6:35
460;enter_webinar_room;25.05.2025 19:37
460;leave_webinar_room;25.05.2025 19:38
460;enter_webinar_room;25.05.2025 19:45
460;leave_webinar_room;25.05.2025 19:52
461;enter_bot;20.05.2025 10:29
462;enter_bot;14.05.2025 2:42
462;enter_webinar_room;14.05.2025 18:35
462;leave_webinar_room;14.05.2025 19:00
462;enter_webinar_room;14.05.2025 19:40
462;leave_webinar_room;14.05.2025 19:42
463;enter_bot;01.05.2025 1:03
463;enter_webinar_room;01.05.2025 18:24
463;leave_webinar_room;01.05.2025 18:50
464;enter_bot;28.05.2025 15:08
464;enter_webinar_room;28.05.2025 19:33
464;leave_webinar_room;28.05.2025 19:48
465;enter_bot;18.05.2025 4:39
465;enter_webinar_room;18.05.2025 19:47
465;leave_webinar_room;18.05.2025 19:53
466;enter_bot;19.05.2025 0:02
467;enter_bot;29.05.2025 17:18
468;enter_bot;28.05.2025 2:46
469;enter_bot;16.05.2025 21:25
470;enter_bot;12.05.2025 11:31
470;enter_webinar_room;12.05.2025 18:06
470;enter_webinar_room;12.05.2025 18:26
470;leave_webinar_room;12.05.2025 19:47
470;leave_webinar_room;12.05.2025 19:56
471;enter_bot;21.05.2025 10:03
471;enter_webinar_room;21.05.2025 18:30
471;leave_webinar_room;21.05.2025 18:56
471;enter_webinar_room;21.05.2025 19:41
471;leave_webinar_room;21.05.2025 19:57
472;enter_bot;16.05.2025 23:04
473;enter_bot;16.05.2025 4:53
474;enter_bot;06.05.2025 8:53
474;enter_bot;07.05.2025 12:53
475;enter_bot;08.05.2025 10:04
476;enter_bot;28.05.2025 21:51
477;enter_bot;20.05.2025 16:58
477;enter_bot;21.05.2025 3:58
478;enter_bot;22.05.2025 6:30
478;enter_webinar_room;22.05.2025 18:15
478;leave_webinar_room;22.05.2025 19:16
479;enter_bot;15.05.2025 12:36
479;enter_webinar_room;15.05.2025 18:26
479;leave_webinar_room;15.05.2025 18:38
479;enter_webinar_room;15.05.2025 19:25
479;leave_webinar_room;15.05.2025 19:35
479;make_order;15.05.2025 19:46
480;enter_bot;27.05.2025 19:59
481;enter_bot;06.05.2025 19:03
482;enter_bot;20.05.2025 9:54
482;enter_webinar_room;20.05.2025 19:19
482;leave_webinar_room;20.05.2025 19:32
483;enter_bot;30.05.2025 8:36
483;enter_webinar_room;30.05.2025 19:23
483;leave_webinar_room;30.05.2025 19:49
484;enter_bot;05.05.2025 23:25
485;enter_bot;29.05.2025 17:59
485;enter_webinar_room;29.05.2025 18:16
485;enter_webinar_room;29.05.2025 19:10
485;leave_webinar_room;29.05.2025 19:30
485;leave_webinar_room;29.05.2025 19:33
486;enter_bot;14.05.2025 23:45
487;enter_bot;05.05.2025 0:02
488;enter_bot;12.05.2025 11:18
489;enter_bot;19.05.2025 15:19
489;enter_webinar_room;19.05.2025 18:41
489;leave_webinar_room;19.05.2025 19:11
489;enter_bot;20.05.2025 14:19
490;enter_bot;24.05.2025 6:40
490;enter_webinar_room;24.05.2025 18:26
490;enter_webinar_room;24.05.2025 18:48
490;leave_webinar_room;24.05.2025 19:54
490;leave_webinar_room;24.05.2025 19:57
491;enter_bot;04.05.2025 10:09
491;enter_webinar_room;04.05.2025 19:43
491;leave_webinar_room;04.05.2025 19:45
492;enter_bot;25.05.2025 2:38
492;enter_webinar_room;25.05.2025 19:38
492;leave_webinar_room;25.05.2025 19:46
493;enter_bot;29.05.2025 0:09
494;enter_bot;07.05.2025 5:48
494;enter_webinar_room;07.05.2025 18:27
494;leave_webinar_room;07.05.2025 19:00
495;enter_bot;18.05.2025 14:49
495;enter_bot;20.05.2025 11:49
496;enter_bot;13.05.2025 4:40
496;enter_webinar_room;13.05.2025 18:23
496;leave_webinar_room;13.05.2025 18:26
496;enter_webinar_room;13.05.2025 19:47
496;leave_webinar_room;13.05.2025 19:57
497;enter_bot;04.05.2025 20:51
498;enter_bot;29.05.2025 18:35
499;enter_bot;27.05.2025 10:43
499;enter_bot;27.05.2025 12:43
500;enter_bot;02.05.2025 13:20
500;enter_webinar_room;02.05.2025 18:26
500;leave_webinar_room;02.05.2025 18:59
500;enter_bot;03.05.2025 0:20
501;enter_bot;16.05.2025 18:03
501;enter_bot;18.05.2025 8:03
501;enter_webinar_room;18.05.2025 18:10
501;leave_webinar_room;18.05.2025 19:03
502;enter_bot;06.05.2025 22:18
503;enter_bot;26.05.2025 8:21
503;enter_webinar_room;26.05.2025 18:10
503;leave_webinar_room;26.05.2025 19:00
503;enter_bot;27.05.2025 12:21
504;enter_bot;14.05.2025 15:09
505;enter_bot;07.05.2025 13:53
506;enter_bot;02.05.2025 7:05
506;enter_webinar_room;02.05.2025 19:14
506;leave_webinar_room;02.05.2025 19:49
507;enter_bot;22.05.2025 13:30
508;enter_bot;24.05.2025 10:00
508;enter_webinar_room;24.05.2025 18:19
508;leave_webinar_room;24.05.2025 19:49
509;enter_bot;21.05.2025 7:37
510;enter_bot;02.05.2025 15:38
511;enter_bot;06.05.2025 9:11
511;enter_webinar_room;06.05.2025 19:26
511;leave_webinar_room;06.05.2025 19:50
512;enter_bot;16.05.2025 10:55
513;enter_bot;17.05.2025 12:34
513;enter_webinar_room;17.05.2025 19:26
513;leave_webinar_room;17.05.2025 19:38
514;enter_bot;23.05.2025 17:44
514;enter_webinar_room;23.05.2025 18:11
514;leave_webinar_room;23.05.2025 18:14
514;enter_webinar_room;23.05.2025 18:47
514;leave_webinar_room;23.05.2025 18:58
515;enter_bot;22.05.2025 7:37
515;enter_webinar_room;22.05.2025 18:32
515;leave_webinar_room;22.05.2025 19:39
516;enter_bot;25.05.2025 20:48
517;enter_bot;11.05.2025 8:25
517;enter_webinar_room;11.05.2025 18:00
517;leave_webinar_room;11.05.2025 18:45
518;enter_bot;11.05.2025 9:57
519;enter_bot;25.05.2025 19:11
520;enter_bot;17.05.2025 23:23
521;enter_bot;09.05.2025 2:54
521;enter_bot;09.05.2025 5:54
521;enter_webinar_room;09.05.2025 18:55
521;leave_webinar_room;09.05.2025 19:31
521;enter_webinar_room;09.05.2025 19:40
521;leave_webinar_room;09.05.2025 19:45
522;enter_bot;01.05.2025 13:11
523;enter_bot;26.05.2025 18:24
523;enter_webinar_room;26.05.2025 19:04
523;leave_webinar_room;26.05.2025 19:38
524;enter_bot;20.05.2025 11:28
525;enter_bot;25.05.2025 23:28
526;enter_bot;21.05.2025 7:58
527;enter_bot;20.05.2025 16:36
527;enter_webinar_room;20.05.2025 18:33
527;leave_webinar_room;20.05.2025 19:13
528;enter_bot;05.05.2025 19:04
528;enter_webinar_room;05.05.2025 19:52
528;leave_webinar_room;05.05.2025 19:53
529;enter_bot;26.05.2025 21:21
530;enter_bot;30.05.2025 15:31
530;enter_webinar_room;30.05.2025 18:21
530;leave_webinar_room;30.05.2025 19:58
531;enter_bot;22.05.2025 22:55
532;enter_bot;04.05.2025 11:00
532;enter_webinar_room;04.05.2025 19:03
532;leave_webinar_room;04.05.2025 19:10
533;enter_bot;15.05.2025 12:14
534;enter_bot;20.05.2025 19:17
535;enter_bot;18.05.2025 16:10
536;enter_bot;10.05.2025 22:41
537;enter_bot;03.05.2025 11:14
537;enter_webinar_room;03.05.2025 19:54
537;leave_webinar_room;03.05.2025 19:58
538;enter_bot;03.05.2025 16:43
538;enter_webinar_room;03.05.2025 18:32
538;leave_webinar_room;03.05.2025 19:05
539;enter_bot;06.05.2025 13:41
539;enter_bot;06.05.2025 23:41
540;enter_bot;18.05.2025 20:02
541;enter_bot;16.05.2025 22:14
542;enter_bot;30.05.2025 2:40
543;enter_bot;11.05.2025 8:48
544;enter_bot;24.05.2025 19:55
545;enter_bot;01.05.2025 10:51
545;enter_webinar_room;01.05.2025 18:09
545;leave_webinar_room;01.05.2025 19:23
546;enter_bot;26.05.2025 11:46
547;enter_bot;02.05.2025 9:03
548;enter_bot;07.05.2025 6:55
548;enter_webinar_room;07.05.2025 19:50
548;leave_webinar_room;07.05.2025 19:50
548;enter_bot;08.05.2025 15:55
549;enter_bot;06.05.2025 9:46
549;enter_bot;08.05.2025 16:46
550;enter_bot;11.05.2025 21:31
551;enter_bot;07.05.2025 9:02
551;enter_bot;09.05.2025 14:02
552;enter_bot;22.05.2025 17:04
553;enter_bot;01.05.2025 5:55
554;enter_bot;16.05.2025 5:52
555;enter_bot;09.05.2025 8:22
555;enter_webinar_room;09.05.2025 18:23
555;leave_webinar_room;09.05.2025 18:34
555;enter_webinar_room;09.05.2025 18:39
555;leave_webinar_room;09.05.2025 19:34
556;enter_bot;30.05.2025 19:30
557;enter_bot;30.05.2025 10:41
558;enter_bot;20.05.2025 9:53
558;enter_webinar_room;20.05.2025 18:30
558;leave_webinar_room;20.05.2025 18:43
558;enter_webinar_room;20.05.2025 19:17
558;leave_webinar_room;20.05.2025 19:22
559;enter_bot;11.05.2025 2:45
559;enter_webinar_room;11.05.2025 18:02
559;leave_webinar_room;11.05.2025 18:14
560;enter_bot;04.05.2025 16:33
560;enter_bot;06.05.2025 8:33
560;enter_webinar_room;06.05.2025 18:13
560;leave_webinar_room;06.05.2025 18:33
561;enter_bot;15.05.2025 9:47
562;enter_bot;03.05.2025 17:58
562;enter_bot;04.05.2025 0:58
563;enter_bot;27.05.2025 20:16
564;enter_bot;06.05.2025 12:17
564;enter_bot;09.05.2025 8:17
564;enter_webinar_room;09.05.2025 18:06
564;leave_webinar_room;09.05.2025 18:22
565;enter_bot;26.05.2025 19:07
566;enter_bot;27.05.2025 3:45
566;enter_webinar_room;27.05.2025 18:06
566;leave_webinar_room;27.05.2025 18:29
567;enter_bot;10.05.2025 12:34
568;enter_bot;12.05.2025 15:38
568;enter_webinar_room;12.05.2025 19:40
568;leave_webinar_room;12.05.2025 19:44
569;enter_bot;27.05.2025 13:55
569;enter_webinar_room;27.05.2025 18:00
569;leave_webinar_room;27.05.2025 18:16
570;enter_bot;30.05.2025 21:56
571;enter_bot;05.05.2025 8:28
572;enter_bot;25.05.2025 6:08
572;enter_webinar_room;25.05.2025 18:04
572;leave_webinar_room;25.05.2025 18:50
573;enter_bot;08.05.2025 12:21
573;enter_webinar_room;08.05.2025 18:22
573;enter_webinar_room;08.05.2025 19:44
573;leave_webinar_room;08.05.2025 19:54
573;leave_webinar_room;08.05.2025 19:59
573;make_order;08.05.2025 19:59
574;enter_bot;18.05.2025 4:51
574;enter_webinar_room;18.05.2025 19:25
574;leave_webinar_room;18.05.2025 19:43
575;enter_bot;01.05.2025 10:16
575;enter_bot;03.05.2025 4:16
576;enter_bot;23.05.2025 12:19
576;enter_bot;24.05.2025 10:19
576;enter_webinar_room;24.05.2025 19:47
576;leave_webinar_room;24.05.2025 19:50
577;enter_bot;01.05.2025 20:00
578;enter_bot;13.05.2025 0:45
579;enter_bot;10.05.2025 21:42
580;enter_bot;03.05.2025 9:47
580;enter_webinar_room;03.05.2025 19:26
580;leave_webinar_room;03.05.2025 19:34
581;enter_bot;29.05.2025 12:41
582;enter_bot;25.05.2025 1:16
582;enter_webinar_room;25.05.2025 19:44
582;leave_webinar_room;25.05.2025 19:49
583;enter_bot;27.05.2025 15:53
583;enter_webinar_room;27.05.2025 19:24
583;leave_webinar_room;27.05.2025 19:48
584;enter_bot;03.05.2025 20:26
585;enter_bot;20.05.2025 21:23
586;enter_bot;01.05.2025 15:03
587;enter_bot;27.05.2025 2:39
588;enter_bot;22.05.2025 16:43
589;enter_bot;19.05.2025 15:20
589;enter_webinar_room;19.05.2025 19:43
589;leave_webinar_room;19.05.2025 19:59
590;enter_bot;05.05.2025 13:16
590;enter_webinar_room;05.05.2025 18:32
590;leave_webinar_room;05.05.2025 19:23
590;enter_webinar_room;05.05.2025 19:24
590;leave_webinar_room;05.05.2025 19:28
591;enter_bot;23.05.2025 17:29
592;enter_bot;21.05.2025 2:41
593;enter_bot;19.05.2025 5:24
593;enter_webinar_room;19.05.2025 18:59
593;leave_webinar_room;19.05.2025 19:37
594;enter_bot;20.05.2025 1:21
595;enter_bot;06.05.2025 6:34
595;enter_webinar_room;06.05.2025 19:28
595;leave_webinar_room;06.05.2025 19:44
596;enter_bot;28.05.2025 23:55
596;enter_bot;30.05.2025 10:55
597;enter_bot;14.05.2025 11:03
597;enter_webinar_room;14.05.2025 18:14
597;leave_webinar_room;14.05.2025 19:08
598;enter_bot;22.05.2025 2:46
599;enter_bot;07.05.2025 20:23
600;enter_bot;03.05.2025 21:16
601;enter_bot;05.05.2025 2:36
602;enter_bot;15.05.2025 16:46
602;enter_bot;17.05.2025 6:46
602;enter_webinar_room;17.05.2025 19:33
602;leave_webinar_room;17.05.2025 19:52
603;enter_bot;23.05.2025 11:17
603;enter_bot;23.05.2025 17:17
603;enter_webinar_room;23.05.2025 19:35
603;leave_webinar_room;23.05.2025 19:54
604;enter_bot;01.05.2025 18:26
604;enter_webinar_room;01.05.2025 19:34
604;leave_webinar_room;01.05.2025 19:50
605;enter_bot;18.05.2025 10:48
605;enter_webinar_room;18.05.2025 18:37
605;leave_webinar_room;18.05.2025 18:46
606;enter_bot;02.05.2025 12:45
606;enter_webinar_room;02.05.2025 18:56
606;leave_webinar_room;02.05.2025 19:15
606;make_order;02.05.2025 19:24
607;enter_bot;19.05.2025 6:12
607;enter_webinar_room;19.05.2025 18:19
607;leave_webinar_room;19.05.2025 19:54
607;enter_bot;20.05.2025 20:12
608;enter_bot;01.05.2025 18:42
608;enter_webinar_room;01.05.2025 19:21
608;leave_webinar_room;01.05.2025 19:27
609;enter_bot;06.05.2025 3:45
610;enter_bot;28.05.2025 19:29
610;enter_webinar_room;28.05.2025 19:44
610;leave_webinar_room;28.05.2025 19:55
611;enter_bot;22.05.2025 6:36
611;enter_webinar_room;22.05.2025 19:01
611;leave_webinar_room;22.05.2025 19:15
612;enter_bot;30.05.2025 7:58
613;enter_bot;15.05.2025 21:02
614;enter_bot;30.05.2025 23:38
615;enter_bot;17.05.2025 20:41
615;enter_bot;19.05.2025 16:41
615;enter_webinar_room;19.05.2025 18:07
615;leave_webinar_room;19.05.2025 19:24
616;enter_bot;17.05.2025 11:38
616;enter_bot;20.05.2025 8:38
617;enter_bot;17.05.2025 19:29
617;enter_webinar_room;17.05.2025 19:59
617;leave_webinar_room;17.05.2025 19:59
617;enter_bot;19.05.2025 5:29
618;enter_bot;18.05.2025 14:43
618;enter_webinar_room;18.05.2025 18:39
618;leave_webinar_room;18.05.2025 19:31
619;enter_bot;14.05.2025 3:18
620;enter_bot;13.05.2025 3:56
621;enter_bot;08.05.2025 11:35
622;enter_bot;28.05.2025 8:23
623;enter_bot;15.05.2025 20:51
624;enter_bot;05.05.2025 1:03
625;enter_bot;12.05.2025 3:43
626;enter_bot;04.05.2025 20:45
627;enter_bot;17.05.2025 17:21
628;enter_bot;01.05.2025 16:12
628;enter_webinar_room;01.05.2025 19:04
628;leave_webinar_room;01.05.2025 19:51
629;enter_bot;04.05.2025 10:10
629;enter_webinar_room;04.05.2025 19:48
629;leave_webinar_room;04.05.2025 19:50
630;enter_bot;13.05.2025 1:55
630;enter_bot;14.05.2025 11:55
631;enter_bot;02.05.2025 20:10
631;enter_bot;03.05.2025 12:10
631;enter_webinar_room;03.05.2025 18:54
631;leave_webinar_room;03.05.2025 19:20
632;enter_bot;29.05.2025 9:08
633;enter_bot;15.05.2025 21:37
634;enter_bot;04.05.2025 20:55
634;enter_bot;06.05.2025 22:55
635;enter_bot;05.05.2025 15:47
636;enter_bot;08.05.2025 7:25
636;enter_webinar_room;08.05.2025 18:07
636;leave_webinar_room;08.05.2025 19:13
637;enter_bot;14.05.2025 23:47
638;enter_bot;14.05.2025 22:18
639;enter_bot;11.05.2025 19:19
639;enter_webinar_room;11.05.2025 19:39
639;leave_webinar_room;11.05.2025 19:53
640;enter_bot;07.05.2025 17:36
640;enter_webinar_room;07.05.2025 18:01
640;leave_webinar_room;07.05.2025 19:25
641;enter_bot;17.05.2025 17:15
642;enter_bot;10.05.2025 6:40
642;enter_webinar_room;10.05.2025 18:37
642;leave_webinar_room;10.05.2025 18:44
642;enter_webinar_room;10.05.2025 19:52
642;leave_webinar_room;10.05.2025 19:57
643;enter_bot;07.05.2025 14:20
643;enter_webinar_room;07.05.2025 19:07
643;leave_webinar_room;07.05.2025 19:19
644;enter_bot;17.05.2025 9:51
645;enter_bot;16.05.2025 21:42
646;enter_bot;09.05.2025 8:22
646;enter_webinar_room;09.05.2025 19:30
646;leave_webinar_room;09.05.2025 19:34
647;enter_bot;12.05.2025 7:07
647;enter_webinar_room;12.05.2025 19:50
647;leave_webinar_room;12.05.2025 19:54
648;enter_bot;11.05.2025 16:58
649;enter_bot;13.05.2025 12:35
650;enter_bot;18.05.2025 15:41
650;enter_bot;20.05.2025 16:41
651;enter_bot;10.05.2025 17:04
651;enter_webinar_room;10.05.2025 18:30
651;leave_webinar_room;10.05.2025 18:47
652;enter_bot;13.05.2025 10:05
652;enter_webinar_room;13.05.2025 19:14
652;enter_webinar_room;13.05.2025 19:53
652;leave_webinar_room;13.05.2025 19:55
652;leave_webinar_room;13.05.2025 19:59
653;enter_bot;06.05.2025 8:20
653;enter_webinar_room;06.05.2025 19:20
653;leave_webinar_room;06.05.2025 19:39
654;enter_bot;01.05.2025 9:53
655;enter_bot;09.05.2025 18:58
656;enter_bot;07.05.2025 22:51
657;enter_bot;04.05.2025 18:29
658;enter_bot;15.05.2025 20:54
658;enter_bot;18.05.2025 1:54
659;enter_bot;22.05.2025 10:29
659;enter_bot;22.05.2025 13:29
659;enter_webinar_room;22.05.2025 18:39
659;leave_webinar_room;22.05.2025 19:05
660;enter_bot;08.05.2025 3:19
661;enter_bot;08.05.2025 14:53
661;enter_webinar_room;08.05.2025 18:51
661;leave_webinar_room;08.05.2025 19:37
662;enter_bot;12.05.2025 2:21
662;enter_webinar_room;12.05.2025 18:12
662;leave_webinar_room;12.05.2025 18:38
662;enter_bot;14.05.2025 17:21
663;enter_bot;07.05.2025 9:59
663;enter_webinar_room;07.05.2025 18:11
663;leave_webinar_room;07.05.2025 19:45
664;enter_bot;12.05.2025 2:20
664;enter_webinar_room;12.05.2025 18:38
664;leave_webinar_room;12.05.2025 19:41
665;enter_bot;20.05.2025 18:57
665;enter_bot;22.05.2025 2:57
666;enter_bot;20.05.2025 19:20
666;enter_webinar_room;20.05.2025 19:28
666;leave_webinar_room;20.05.2025 19:29
667;enter_bot;27.05.2025 20:11
668;enter_bot;12.05.2025 3:02
669;enter_bot;26.05.2025 16:25
670;enter_bot;18.05.2025 9:37
670;enter_bot;18.05.2025 16:37
670;enter_webinar_room;18.05.2025 18:46
670;leave_webinar_room;18.05.2025 19:05
671;enter_bot;06.05.2025 7:13
671;enter_webinar_room;06.05.2025 18:13
671;leave_webinar_room;06.05.2025 19:46
672;enter_bot;13.05.2025 10:00
673;enter_bot;12.05.2025 22:06
674;enter_bot;22.05.2025 10:09
675;enter_bot;02.05.2025 2:03
676;enter_bot;24.05.2025 22:39
676;enter_bot;25.05.2025 15:39
677;enter_bot;21.05.2025 19:32
677;enter_webinar_room;21.05.2025 19:45
677;leave_webinar_room;21.05.2025 19:46
678;enter_bot;12.05.2025 3:54
678;enter_webinar_room;12.05.2025 18:17
678;enter_webinar_room;12.05.2025 18:47
678;leave_webinar_room;12.05.2025 18:49
678;leave_webinar_room;12.05.2025 19:44
679;enter_bot;21.05.2025 4:49
679;enter_webinar_room;21.05.2025 18:42
679;leave_webinar_room;21.05.2025 18:44
680;enter_bot;25.05.2025 16:02
681;enter_bot;28.05.2025 19:33
681;enter_bot;30.05.2025 13:33
682;enter_bot;18.05.2025 21:34
683;enter_bot;16.05.2025 21:06
683;enter_bot;18.05.2025 20:06
684;enter_bot;15.05.2025 13:58
684;enter_bot;16.05.2025 12:58
685;enter_bot;10.05.2025 16:35
686;enter_bot;09.05.2025 15:14
686;enter_webinar_room;09.05.2025 18:41
686;leave_webinar_room;09.05.2025 18:47
687;enter_bot;14.05.2025 0:58
688;enter_bot;30.05.2025 15:52
689;enter_bot;02.05.2025 14:12
689;enter_webinar_room;02.05.2025 18:41
689;leave_webinar_room;02.05.2025 19:59
690;enter_bot;22.05.2025 14:39
690;enter_webinar_room;22.05.2025 19:53
690;leave_webinar_room;22.05.2025 19:58
691;enter_bot;15.05.2025 8:01
691;enter_webinar_room;15.05.2025 18:12
691;leave_webinar_room;15.05.2025 18:34
691;enter_bot;17.05.2025 8:01
692;enter_bot;28.05.2025 13:11
692;enter_bot;29.05.2025 6:11
693;enter_bot;08.05.2025 20:57
694;enter_bot;04.05.2025 6:01
695;enter_bot;04.05.2025 0:30
695;enter_webinar_room;04.05.2025 18:42
695;leave_webinar_room;04.05.2025 18:56
696;enter_bot;25.05.2025 21:29
697;enter_bot;01.05.2025 8:27
697;enter_webinar_room;01.05.2025 19:55
697;leave_webinar_room;01.05.2025 19:56
697;enter_bot;01.05.2025 23:27
698;enter_bot;04.05.2025 12:09
698;enter_bot;05.05.2025 3:09
699;enter_bot;10.05.2025 12:55
699;enter_bot;10.05.2025 23:55
700;enter_bot;04.05.2025 3:49
701;enter_bot;19.05.2025 7:50
702;enter_bot;20.05.2025 4:26
703;enter_bot;30.05.2025 11:48
703;enter_webinar_room;30.05.2025 18:16
703;leave_webinar_room;30.05.2025 19:49
704;enter_bot;06.05.2025 13:39
704;enter_bot;09.05.2025 13:39
705;enter_bot;03.05.2025 14:14
706;enter_bot;15.05.2025 22:49
707;enter_bot;02.05.2025 5:50
708;enter_bot;12.05.2025 2:37
709;enter_bot;17.05.2025 9:03
709;enter_webinar_room;17.05.2025 19:35
709;leave_webinar_room;17.05.2025 19:47
710;enter_bot;08.05.2025 15:15
710;enter_webinar_room;08.05.2025 19:52
710;leave_webinar_room;08.05.2025 19:57
711;enter_bot;02.05.2025 18:57
711;enter_bot;05.05.2025 17:57
712;enter_bot;21.05.2025 7:53
712;enter_bot;23.05.2025 8:53
713;enter_bot;22.05.2025 2:14
713;enter_bot;23.05.2025 18:14
713;enter_webinar_room;23.05.2025 18:28
713;enter_webinar_room;23.05.2025 18:41
713;leave_webinar_room;23.05.2025 19:38
713;leave_webinar_room;23.05.2025 19:55
714;enter_bot;18.05.2025 16:29
714;enter_webinar_room;18.05.2025 18:57
714;leave_webinar_room;18.05.2025 19:20
714;enter_bot;21.05.2025 7:29
715;enter_bot;26.05.2025 4:46
715;enter_webinar_room;26.05.2025 19:39
715;leave_webinar_room;26.05.2025 19:42
715;enter_bot;28.05.2025 11:46
716;enter_bot;24.05.2025 18:43
717;enter_bot;11.05.2025 1:49
718;enter_bot;20.05.2025 18:24
719;enter_bot;27.05.2025 2:47
720;enter_bot;30.05.2025 1:53
721;enter_bot;07.05.2025 13:32
722;enter_bot;14.05.2025 3:25
722;enter_bot;15.05.2025 5:25
723;enter_bot;22.05.2025 15:39
723;enter_webinar_room;22.05.2025 19:15
723;leave_webinar_room;22.05.2025 19:20
723;enter_webinar_room;22.05.2025 19:38
723;leave_webinar_room;22.05.2025 19:44
724;enter_bot;16.05.2025 11:41
725;enter_bot;09.05.2025 7:47
726;enter_bot;16.05.2025 11:19
726;enter_bot;16.05.2025 14:19
727;enter_bot;23.05.2025 12:40
728;enter_bot;08.05.2025 9:30
729;enter_bot;17.05.2025 4:50
730;enter_bot;20.05.2025 18:52
731;enter_bot;20.05.2025 22:34
732;enter_bot;22.05.2025 15:44
733;enter_bot;13.05.2025 14:34
734;enter_bot;09.05.2025 12:10
735;enter_bot;18.05.2025 22:11
736;enter_bot;26.05.2025 8:03
737;enter_bot;25.05.2025 9:25
738;enter_bot;06.05.2025 17:34
739;enter_bot;23.05.2025 21:26
740;enter_bot;14.05.2025 17:38
740;enter_webinar_room;14.05.2025 18:51
740;leave_webinar_room;14.05.2025 19:51
740;enter_bot;17.05.2025 6:38
741;enter_bot;10.05.2025 1:37
741;enter_webinar_room;10.05.2025 18:27
741;leave_webinar_room;10.05.2025 19:57
742;enter_bot;27.05.2025 14:51
743;enter_bot;12.05.2025 7:44
743;enter_webinar_room;12.05.2025 18:16
743;leave_webinar_room;12.05.2025 18:45
743;enter_webinar_room;12.05.2025 18:58
743;leave_webinar_room;12.05.2025 19:50
743;enter_bot;14.05.2025 18:44
744;enter_bot;14.05.2025 1:14
745;enter_bot;30.05.2025 16:33
746;enter_bot;15.05.2025 16:04
746;enter_bot;15.05.2025 19:04
747;enter_bot;10.05.2025 2:01
748;enter_bot;20.05.2025 7:24
748;enter_bot;21.05.2025 22:24
749;enter_bot;30.05.2025 22:43
750;enter_bot;15.05.2025 5:14
750;enter_webinar_room;15.05.2025 18:17
750;leave_webinar_room;15.05.2025 19:43
751;enter_bot;04.05.2025 14:29
751;enter_webinar_room;04.05.2025 18:39
751;enter_webinar_room;04.05.2025 18:44
751;leave_webinar_room;04.05.2025 19:22
751;leave_webinar_room;04.05.2025 19:49
751;enter_bot;05.05.2025 14:29
752;enter_bot;28.05.2025 9:12
752;enter_webinar_room;28.05.2025 19:34
752;leave_webinar_room;28.05.2025 19:51
752;enter_bot;30.05.2025 2:12
753;enter_bot;04.05.2025 1:48
753;enter_webinar_room;04.05.2025 18:49
753;leave_webinar_room;04.05.2025 19:14
754;enter_bot;28.05.2025 3:48
754;enter_webinar_room;28.05.2025 19:17
754;leave_webinar_room;28.05.2025 19:46
754;enter_webinar_room;28.05.2025 19:51
754;leave_webinar_room;28.05.2025 19:54
755;enter_bot;25.05.2025 9:45
755;enter_webinar_room;25.05.2025 19:35
755;leave_webinar_room;25.05.2025 19:45
756;enter_bot;10.05.2025 22:57
757;enter_bot;01.05.2025 2:17
758;enter_bot;25.05.2025 7:29
758;enter_webinar_room;25.05.2025 19:57
758;leave_webinar_room;25.05.2025 19:58
759;enter_bot;23.05.2025 5:22
759;enter_webinar_room;23.05.2025 18:03
759;leave_webinar_room;23.05.2025 18:33
759;enter_webinar_room;23.05.2025 19:33
759;leave_webinar_room;23.05.2025 19:58
760;enter_bot;22.05.2025 17:36
761;enter_bot;14.05.2025 5:21
762;enter_bot;16.05.2025 0:00
763;enter_bot;06.05.2025 20:00
764;enter_bot;09.05.2025 10:26
764;enter_bot;10.05.2025 7:26
765;enter_bot;26.05.2025 19:49
765;enter_bot;27.05.2025 2:49
765;enter_webinar_room;27.05.2025 18:27
765;leave_webinar_room;27.05.2025 19:34
766;enter_bot;04.05.2025 15:02
767;enter_bot;25.05.2025 5:51
767;enter_webinar_room;25.05.2025 18:57
767;leave_webinar_room;25.05.2025 19:46
768;enter_bot;28.05.2025 16:10
768;enter_webinar_room;28.05.2025 18:52
768;enter_webinar_room;28.05.2025 19:33
768;leave_webinar_room;28.05.2025 19:40
768;leave_webinar_room;28.05.2025 19:54
769;enter_bot;23.05.2025 3:29
769;enter_bot;25.05.2025 9:29
769;enter_webinar_room;25.05.2025 18:12
769;leave_webinar_room;25.05.2025 19:50
770;enter_bot;04.05.2025 9:32
771;enter_bot;06.05.2025 19:57
771;enter_webinar_room;06.05.2025 19:57
771;enter_webinar_room;06.05.2025 19:57
771;leave_webinar_room;06.05.2025 19:58
771;leave_webinar_room;06.05.2025 19:59
772;enter_bot;08.05.2025 17:56
773;enter_bot;09.05.2025 16:57
774;enter_bot;04.05.2025 2:53
775;enter_bot;30.05.2025 21:38
776;enter_bot;22.05.2025 2:11
776;enter_webinar_room;22.05.2025 19:39
776;leave_webinar_room;22.05.2025 19:49
777;enter_bot;08.05.2025 1:56
777;enter_webinar_room;08.05.2025 18:39
777;leave_webinar_room;08.05.2025 19:42
778;enter_bot;21.05.2025 3:02
778;enter_webinar_room;21.05.2025 19:13
778;leave_webinar_room;21.05.2025 19:22
778;make_order;21.05.2025 19:44
779;enter_bot;05.05.2025 0:41
779;enter_webinar_room;05.05.2025 19:28
779;leave_webinar_room;05.05.2025 19:31
780;enter_bot;21.05.2025 7:13
781;enter_bot;13.05.2025 11:29
781;enter_webinar_room;13.05.2025 19:10
781;leave_webinar_room;13.05.2025 19:38
781;enter_webinar_room;13.05.2025 19:40
781;leave_webinar_room;13.05.2025 19:51
782;enter_bot;30.05.2025 10:45
783;enter_bot;27.05.2025 4:38
784;enter_bot;16.05.2025 10:22
784;enter_webinar_room;16.05.2025 18:00
784;enter_bot;16.05.2025 18:22
784;leave_webinar_room;16.05.2025 19:40
785;enter_bot;28.05.2025 13:11
786;enter_bot;09.05.2025 9:59
787;enter_bot;16.05.2025 20:30
788;enter_bot;26.05.2025 15:01
788;enter_bot;26.05.2025 17:01
788;enter_webinar_room;26.05.2025 18:54
788;leave_webinar_room;26.05.2025 19:14
789;enter_bot;06.05.2025 0:33
789;enter_webinar_room;06.05.2025 18:28
789;leave_webinar_room;06.05.2025 18:53
790;enter_bot;16.05.2025 22:53
791;enter_bot;13.05.2025 11:42
792;enter_bot;22.05.2025 15:14
793;enter_bot;17.05.2025 23:11
793;enter_bot;19.05.2025 2:11
794;enter_bot;03.05.2025 10:22
795;enter_bot;08.05.2025 17:29
795;enter_webinar_room;08.05.2025 18:54
795;enter_webinar_room;08.05.2025 19:52
795;leave_webinar_room;08.05.2025 19:53
795;leave_webinar_room;08.05.2025 19:58
796;enter_bot;12.05.2025 16:45
797;enter_bot;25.05.2025 21:23
797;enter_bot;27.05.2025 10:23
797;enter_webinar_room;27.05.2025 19:22
797;leave_webinar_room;27.05.2025 19:59
798;enter_bot;10.05.2025 12:08
798;enter_webinar_room;10.05.2025 18:06
798;leave_webinar_room;10.05.2025 19:43
799;enter_bot;16.05.2025 5:24
799;enter_webinar_room;16.05.2025 18:55
799;leave_webinar_room;16.05.2025 19:17
800;enter_bot;13.05.2025 22:48
801;enter_bot;04.05.2025 16:33
801;enter_webinar_room;04.05.2025 18:00
801;leave_webinar_room;04.05.2025 18:29
801;enter_webinar_room;04.05.2025 18:52
801;leave_webinar_room;04.05.2025 19:00
802;enter_bot;26.05.2025 17:28
802;enter_bot;27.05.2025 17:28
802;enter_webinar_room;27.05.2025 18:21
802;leave_webinar_room;27.05.2025 19:45
803;enter_bot;28.05.2025 4:44
804;enter_bot;20.05.2025 4:08
804;enter_webinar_room;20.05.2025 18:16
804;leave_webinar_room;20.05.2025 18:53
804;enter_webinar_room;20.05.2025 19:25
804;leave_webinar_room;20.05.2025 19:47
805;enter_bot;18.05.2025 2:03
806;enter_bot;17.05.2025 14:55
807;enter_bot;22.05.2025 12:22
808;enter_bot;17.05.2025 14:53
809;enter_bot;02.05.2025 10:51
809;enter_webinar_room;02.05.2025 18:14
809;leave_webinar_room;02.05.2025 18:27
810;enter_bot;26.05.2025 7:25
810;enter_webinar_room;26.05.2025 18:06
810;leave_webinar_room;26.05.2025 18:15
811;enter_bot;27.05.2025 14:02
812;enter_bot;24.05.2025 8:44
812;enter_webinar_room;24.05.2025 19:40
812;leave_webinar_room;24.05.2025 19:44
813;enter_bot;06.05.2025 21:50
814;enter_bot;03.05.2025 3:05
815;enter_bot;07.05.2025 6:35
815;enter_bot;10.05.2025 5:35
816;enter_bot;30.05.2025 6:50
816;enter_webinar_room;30.05.2025 18:51
816;enter_webinar_room;30.05.2025 19:47
816;leave_webinar_room;30.05.2025 19:49
816;leave_webinar_room;30.05.2025 19:57
817;enter_bot;27.05.2025 16:51
817;enter_webinar_room;27.05.2025 18:58
817;leave_webinar_room;27.05.2025 19:23
818;enter_bot;24.05.2025 18:57
818;enter_webinar_room;24.05.2025 19:48
818;leave_webinar_room;24.05.2025 19:53
819;enter_bot;27.05.2025 8:43
820;enter_bot;12.05.2025 11:12
821;enter_bot;21.05.2025 3:58
821;enter_webinar_room;21.05.2025 19:14
821;leave_webinar_room;21.05.2025 19:27
821;make_order;21.05.2025 19:58
822;enter_bot;26.05.2025 11:10
822;enter_webinar_room;26.05.2025 19:07
822;leave_webinar_room;26.05.2025 19:18
823;enter_bot;25.05.2025 0:59
824;enter_bot;08.05.2025 20:11
824;enter_bot;11.05.2025 9:11
824;enter_webinar_room;11.05.2025 19:47
824;leave_webinar_room;11.05.2025 19:49
825;enter_bot;20.05.2025 17:42
826;enter_bot;12.05.2025 19:02
826;enter_bot;14.05.2025 11:02
827;enter_bot;28.05.2025 13:36
827;enter_webinar_room;28.05.2025 19:35
827;leave_webinar_room;28.05.2025 19:58
828;enter_bot;27.05.2025 9:02
829;enter_bot;04.05.2025 11:48
830;enter_bot;22.05.2025 14:08
831;enter_bot;27.05.2025 9:36
831;enter_webinar_room;27.05.2025 19:54
831;leave_webinar_room;27.05.2025 19:56
832;enter_bot;10.05.2025 18:58
832;enter_webinar_room;10.05.2025 19:29
832;leave_webinar_room;10.05.2025 19:55
833;enter_bot;15.05.2025 6:28
833;enter_webinar_room;15.05.2025 19:42
833;leave_webinar_room;15.05.2025 19:49
834;enter_bot;30.05.2025 9:02
834;enter_webinar_room;30.05.2025 18:22
834;leave_webinar_room;30.05.2025 18:33
834;enter_bot;31.05.2025 15:02
834;enter_webinar_room;31.05.2025 19:48
834;leave_webinar_room;31.05.2025 19:52
835;enter_bot;16.05.2025 2:31
835;enter_webinar_room;16.05.2025 19:30
835;leave_webinar_room;16.05.2025 19:44
836;enter_bot;18.05.2025 1:25
837;enter_bot;02.05.2025 5:40
838;enter_bot;18.05.2025 16:19
839;enter_bot;24.05.2025 22:58
840;enter_bot;28.05.2025 9:46
841;enter_bot;09.05.2025 23:20
842;enter_bot;04.05.2025 3:42
842;enter_bot;05.05.2025 14:42
843;enter_bot;28.05.2025 23:14
843;enter_bot;30.05.2025 11:14
844;enter_bot;05.05.2025 20:56
845;enter_bot;29.05.2025 7:25
846;enter_bot;16.05.2025 8:36
847;enter_bot;03.05.2025 2:13
847;enter_bot;04.05.2025 0:13
848;enter_bot;03.05.2025 6:08
848;enter_bot;05.05.2025 23:08
849;enter_bot;24.05.2025 23:37
850;enter_bot;29.05.2025 1:22
851;enter_bot;07.05.2025 23:40
852;enter_bot;12.05.2025 9:17
852;enter_webinar_room;12.05.2025 19:56
852;leave_webinar_room;12.05.2025 19:59
853;enter_bot;08.05.2025 19:08
853;enter_bot;10.05.2025 1:08
854;enter_bot;26.05.2025 4:07
854;enter_webinar_room;26.05.2025 18:55
854;leave_webinar_room;26.05.2025 19:17
854;enter_webinar_room;26.05.2025 19:32
854;leave_webinar_room;26.05.2025 19:53
855;enter_bot;24.05.2025 10:07
855;enter_bot;25.05.2025 15:07
855;enter_webinar_room;25.05.2025 18:19
855;leave_webinar_room;25.05.2025 18:35
856;enter_bot;25.05.2025 10:25
856;enter_webinar_room;25.05.2025 19:58
856;leave_webinar_room;25.05.2025 19:59
857;enter_bot;17.05.2025 1:20
857;enter_webinar_room;17.05.2025 18:51
857;leave_webinar_room;17.05.2025 18:58
858;enter_bot;09.05.2025 11:30
859;enter_bot;26.05.2025 6:40
860;enter_bot;20.05.2025 23:14
861;enter_bot;11.05.2025 17:29
862;enter_bot;16.05.2025 20:19
862;enter_bot;17.05.2025 0:19
863;enter_bot;15.05.2025 4:45
864;enter_bot;29.05.2025 6:42
864;enter_bot;31.05.2025 5:42
865;enter_bot;26.05.2025 12:29
866;enter_bot;06.05.2025 14:05
866;enter_bot;08.05.2025 8:05
867;enter_bot;25.05.2025 18:14
867;enter_webinar_room;25.05.2025 18:59
867;leave_webinar_room;25.05.2025 19:20
868;enter_bot;21.05.2025 21:31
868;enter_bot;23.05.2025 20:31
869;enter_bot;06.05.2025 5:24
869;enter_webinar_room;06.05.2025 18:09
869;enter_webinar_room;06.05.2025 18:46
869;leave_webinar_room;06.05.2025 19:10
869;leave_webinar_room;06.05.2025 19:23
870;enter_bot;19.05.2025 4:51
871;enter_bot;12.05.2025 12:44
872;enter_bot;15.05.2025 19:37
872;enter_webinar_room;15.05.2025 19:39
872;leave_webinar_room;15.05.2025 19:45
873;enter_bot;24.05.2025 12:53
874;enter_bot;29.05.2025 15:33
874;enter_webinar_room;29.05.2025 19:15
874;leave_webinar_room;29.05.2025 19:27
875;enter_bot;15.05.2025 3:41
875;enter_webinar_room;15.05.2025 18:38
875;leave_webinar_room;15.05.2025 18:58
875;enter_webinar_room;15.05.2025 19:01
875;leave_webinar_room;15.05.2025 19:13
876;enter_bot;27.05.2025 13:58
876;enter_webinar_room;27.05.2025 18:22
876;leave_webinar_room;27.05.2025 18:26
877;enter_bot;12.05.2025 18:43
877;enter_webinar_room;12.05.2025 19:08
877;leave_webinar_room;12.05.2025 19:43
878;enter_bot;07.05.2025 22:58
878;enter_bot;10.05.2025 14:58
879;enter_bot;26.05.2025 3:15
879;enter_webinar_room;26.05.2025 18:02
879;leave_webinar_room;26.05.2025 18:51
880;enter_bot;17.05.2025 4:43
881;enter_bot;06.05.2025 3:06
882;enter_bot;14.05.2025 12:42
882;enter_bot;15.05.2025 11:42
883;enter_bot;22.05.2025 1:49
883;enter_webinar_room;22.05.2025 19:59
883;leave_webinar_room;22.05.2025 19:59
884;enter_bot;07.05.2025 6:15
885;enter_bot;14.05.2025 16:33
885;enter_webinar_room;14.05.2025 18:53
885;leave_webinar_room;14.05.2025 19:25
885;enter_webinar_room;14.05.2025 19:49
885;leave_webinar_room;14.05.2025 19:54
886;enter_bot;25.05.2025 23:03
887;enter_bot;16.05.2025 5:50
887;enter_webinar_room;16.05.2025 18:12
887;leave_webinar_room;16.05.2025 19:28
888;enter_bot;01.05.2025 5:24
888;enter_webinar_room;01.05.2025 18:03
888;leave_webinar_room;01.05.2025 19:05
888;enter_webinar_room;01.05.2025 19:41
888;leave_webinar_room;01.05.2025 19:51
889;enter_bot;08.05.2025 18:18
890;enter_bot;24.05.2025 7:43
890;enter_webinar_room;24.05.2025 19:01
890;leave_webinar_room;24.05.2025 19:12
891;enter_bot;07.05.2025 0:08
891;enter_webinar_room;07.05.2025 19:07
891;leave_webinar_room;07.05.2025 19:30
892;enter_bot;06.05.2025 23:31
892;enter_bot;08.05.2025 2:31
893;enter_bot;22.05.2025 22:58
894;enter_bot;26.05.2025 7:19
895;enter_bot;03.05.2025 8:29
896;enter_bot;27.05.2025 18:43
896;enter_webinar_room;27.05.2025 19:03
896;leave_webinar_room;27.05.2025 19:31
896;enter_bot;29.05.2025 0:43
897;enter_bot;13.05.2025 18:18
898;enter_bot;23.05.2025 21:27
898;enter_bot;24.05.2025 6:27
899;enter_bot;20.05.2025 14:38
900;enter_bot;17.05.2025 17:24
901;enter_bot;22.05.2025 13:11
901;enter_webinar_room;22.05.2025 18:07
901;leave_webinar_room;22.05.2025 18:20
901;enter_webinar_room;22.05.2025 18:23
901;leave_webinar_room;22.05.2025 18:41
902;enter_bot;09.05.2025 10:44
903;enter_bot;20.05.2025 7:32
903;enter_webinar_room;20.05.2025 18:11
903;leave_webinar_room;20.05.2025 19:35
904;enter_bot;21.05.2025 12:36
905;enter_bot;15.05.2025 4:13
905;enter_webinar_room;15.05.2025 18:22
905;leave_webinar_room;15.05.2025 19:35
906;enter_bot;11.05.2025 3:18
906;enter_bot;11.05.2025 5:18
907;enter_bot;14.05.2025 7:37
907;enter_webinar_room;14.05.2025 19:11
907;leave_webinar_room;14.05.2025 19:14
908;enter_bot;01.05.2025 0:36
908;enter_bot;01.05.2025 20:36
909;enter_bot;15.05.2025 2:18
910;enter_bot;08.05.2025 0:45
911;enter_bot;17.05.2025 18:56
911;enter_bot;18.05.2025 23:56
912;enter_bot;18.05.2025 13:55
912;enter_webinar_room;18.05.2025 19:37
912;leave_webinar_room;18.05.2025 19:55
913;enter_bot;15.05.2025 19:06
913;enter_webinar_room;15.05.2025 19:39
913;enter_webinar_room;15.05.2025 19:49
913;leave_webinar_room;15.05.2025 19:50
913;leave_webinar_room;15.05.2025 19:57
914;enter_bot;24.05.2025 9:31
915;enter_bot;15.05.2025 6:50
916;enter_bot;30.05.2025 11:27
917;enter_bot;15.05.2025 19:06
918;enter_bot;14.05.2025 17:42
918;enter_webinar_room;14.05.2025 19:30
918;leave_webinar_room;14.05.2025 19:42
919;enter_bot;08.05.2025 11:12
919;enter_webinar_room;08.05.2025 19:57
919;enter_webinar_room;08.05.2025 19:58
919;leave_webinar_room;08.05.2025 19:58
919;leave_webinar_room;08.05.2025 19:59
920;enter_bot;23.05.2025 17:53
921;enter_bot;03.05.2025 22:20
922;enter_bot;30.05.2025 17:20
923;enter_bot;01.05.2025 16:59
924;enter_bot;05.05.2025 21:54
925;enter_bot;16.05.2025 14:26
926;enter_bot;04.05.2025 20:09
927;enter_bot;12.05.2025 8:01
927;enter_webinar_room;12.05.2025 19:20
927;leave_webinar_room;12.05.2025 19:28
927;enter_bot;14.05.2025 4:01
928;enter_bot;10.05.2025 15:58
928;enter_webinar_room;10.05.2025 18:28
928;leave_webinar_room;10.05.2025 19:16
928;make_order;10.05.2025 19:22
929;enter_bot;15.05.2025 7:59
929;enter_bot;18.05.2025 4:59
930;enter_bot;25.05.2025 21:40
931;enter_bot;20.05.2025 21:14
932;enter_bot;05.05.2025 16:43
933;enter_bot;16.05.2025 7:18
934;enter_bot;03.05.2025 11:02
934;enter_bot;03.05.2025 13:02
934;enter_webinar_room;03.05.2025 18:35
934;enter_webinar_room;03.05.2025 19:26
934;leave_webinar_room;03.05.2025 19:32
934;leave_webinar_room;03.05.2025 19:44
935;enter_bot;27.05.2025 14:19
935;enter_bot;28.05.2025 23:19
936;enter_bot;25.05.2025 12:41
937;enter_bot;05.05.2025 18:29
938;enter_bot;18.05.2025 2:35
939;enter_bot;11.05.2025 20:08
940;enter_bot;07.05.2025 8:56
940;enter_webinar_room;07.05.2025 18:55
940;leave_webinar_room;07.05.2025 19:36
940;enter_bot;07.05.2025 19:56
941;enter_bot;10.05.2025 0:50
942;enter_bot;06.05.2025 19:07
943;enter_bot;02.05.2025 20:38
944;enter_bot;18.05.2025 18:25
945;enter_bot;03.05.2025 21:36
946;enter_bot;07.05.2025 0:43
946;enter_webinar_room;07.05.2025 18:39
946;enter_bot;07.05.2025 19:43
946;leave_webinar_room;07.05.2025 19:45
947;enter_bot;29.05.2025 3:19
947;enter_webinar_room;29.05.2025 18:04
947;leave_webinar_room;29.05.2025 19:21
947;enter_bot;31.05.2025 16:19
948;enter_bot;15.05.2025 6:44
949;enter_bot;11.05.2025 10:08
949;enter_bot;14.05.2025 6:08
950;enter_bot;25.05.2025 4:40
951;enter_bot;18.05.2025 11:47
951;enter_bot;20.05.2025 21:47
952;enter_bot;18.05.2025 13:02
953;enter_bot;17.05.2025 17:24
953;enter_webinar_room;17.05.2025 18:06
953;leave_webinar_room;17.05.2025 19:16
953;enter_bot;20.05.2025 17:24
953;enter_webinar_room;20.05.2025 18:48
953;leave_webinar_room;20.05.2025 19:18
954;enter_bot;15.05.2025 18:40
954;enter_bot;16.05.2025 13:40
955;enter_bot;09.05.2025 11:32
955;enter_webinar_room;09.05.2025 18:06
955;leave_webinar_room;09.05.2025 18:46
955;enter_webinar_room;09.05.2025 19:09
955;leave_webinar_room;09.05.2025 19:19
956;enter_bot;22.05.2025 5:03
956;enter_bot;23.05.2025 19:03
957;enter_bot;20.05.2025 12:47
958;enter_bot;26.05.2025 9:39
959;enter_bot;22.05.2025 4:53
959;enter_webinar_room;22.05.2025 19:55
959;leave_webinar_room;22.05.2025 19:59
960;enter_bot;03.05.2025 12:44
960;enter_webinar_room;03.05.2025 18:52
960;enter_webinar_room;03.05.2025 19:26
960;leave_webinar_room;03.05.2025 19:38
960;leave_webinar_room;03.05.2025 20:00
961;enter_bot;10.05.2025 19:36
962;enter_bot;17.05.2025 13:59
962;enter_webinar_room;17.05.2025 19:53
962;leave_webinar_room;17.05.2025 19:59
963;enter_bot;14.05.2025 23:59
964;enter_bot;27.05.2025 8:44
964;enter_webinar_room;27.05.2025 18:57
964;leave_webinar_room;27.05.2025 19:54
965;enter_bot;22.05.2025 20:55
966;enter_bot;16.05.2025 4:41
967;enter_bot;14.05.2025 2:19
967;enter_bot;15.05.2025 19:19
968;enter_bot;29.05.2025 22:00
969;enter_bot;09.05.2025 17:27
969;enter_bot;11.05.2025 4:27
969;enter_webinar_room;11.05.2025 18:12
969;leave_webinar_room;11.05.2025 19:55
970;enter_bot;14.05.2025 15:14
970;enter_bot;14.05.2025 19:14
971;enter_bot;17.05.2025 18:11
971;enter_webinar_room;17.05.2025 19:46
971;leave_webinar_room;17.05.2025 19:55
971;make_order;17.05.2025 19:55
971;enter_bot;20.05.2025 0:11
971;enter_webinar_room;20.05.2025 19:27
971;leave_webinar_room;20.05.2025 19:45
972;enter_bot;21.05.2025 13:59
972;enter_webinar_room;21.05.2025 19:25
972;leave_webinar_room;21.05.2025 19:41
972;make_order;21.05.2025 19:53
973;enter_bot;17.05.2025 2:33
973;enter_webinar_room;17.05.2025 19:51
973;leave_webinar_room;17.05.2025 19:54
974;enter_bot;30.05.2025 23:00
975;enter_bot;13.05.2025 20:43
976;enter_bot;26.05.2025 6:53
976;enter_bot;27.05.2025 17:53
977;enter_bot;10.05.2025 4:12
977;enter_webinar_room;10.05.2025 18:44
977;leave_webinar_room;10.05.2025 18:48
978;enter_bot;05.05.2025 7:24
978;enter_bot;05.05.2025 15:24
978;enter_webinar_room;05.05.2025 18:41
978;leave_webinar_room;05.05.2025 18:57
978;enter_webinar_room;05.05.2025 19:04
978;leave_webinar_room;05.05.2025 19:09
979;enter_bot;13.05.2025 10:01
979;enter_webinar_room;13.05.2025 19:58
979;leave_webinar_room;13.05.2025 19:58
980;enter_bot;25.05.2025 19:18
981;enter_bot;18.05.2025 0:18
981;enter_bot;18.05.2025 7:18
981;enter_webinar_room;18.05.2025 18:45
981;leave_webinar_room;18.05.2025 18:56
982;enter_bot;01.05.2025 12:37
982;enter_webinar_room;01.05.2025 18:39
982;leave_webinar_room;01.05.2025 19:47
982;enter_bot;03.05.2025 11:37
982;enter_webinar_room;03.05.2025 19:15
982;leave_webinar_room;03.05.2025 19:18
983;enter_bot;24.05.2025 3:31
983;enter_webinar_room;24.05.2025 18:54
983;leave_webinar_room;24.05.2025 19:04
984;enter_bot;23.05.2025 17:56
985;enter_bot;27.05.2025 11:14
985;enter_webinar_room;27.05.2025 19:07
985;leave_webinar_room;27.05.2025 19:40
986;enter_bot;02.05.2025 21:24
986;enter_bot;05.05.2025 18:24
987;enter_bot;25.05.2025 8:50
987;enter_webinar_room;25.05.2025 19:20
987;leave_webinar_room;25.05.2025 19:37
988;enter_bot;17.05.2025 16:41
988;enter_bot;18.05.2025 5:41
988;enter_webinar_room;18.05.2025 19:57
988;leave_webinar_room;18.05.2025 19:57
989;enter_bot;18.05.2025 16:23
990;enter_bot;17.05.2025 10:00
990;enter_webinar_room;17.05.2025 19:37
990;leave_webinar_room;17.05.2025 19:46
991;enter_bot;12.05.2025 0:29
991;enter_bot;12.05.2025 14:29
991;enter_webinar_room;12.05.2025 19:32
991;leave_webinar_room;12.05.2025 19:39
992;enter_bot;11.05.2025 9:34
993;enter_bot;29.05.2025 8:04
994;enter_bot;08.05.2025 17:24
994;enter_bot;09.05.2025 12:24
995;enter_bot;14.05.2025 11:03
995;enter_webinar_room;14.05.2025 19:17
995;leave_webinar_room;14.05.2025 19:22
996;enter_bot;12.05.2025 22:45
996;enter_bot;14.05.2025 10:45
997;enter_bot;09.05.2025 8:18
998;enter_bot;10.05.2025 3:53
999;enter_bot;10.05.2025 23:42
1000;enter_bot;19.05.2025 18:23
1000;enter_webinar_room;19.05.2025 19:21
1000;leave_webinar_room;19.05.2025 19:26
1000;make_order;19.05.2025 19:29
